id,domain,status,purchase_price,renewal_price,attractiveness,demand,length,registrar,created_at,expires_at,status_verified_at
9c65f678-c49b-4da9-b96f-c7ca43058a3e,news.gallery,resell,,,high,medium,4,Dynadot Inc,17/06/2015 16:00,17/06/2027 16:00,09/10/2026 03:33
11344748-ece0-4685-910a-3942c2048944,news.webcam,premium,3450,116,high,medium,4,namesilo,,,09/10/2026 03:33
2556547f-81ab-4020-a2d6-e6434d4282e6,news.film,premium,1107,1107,high,medium,4,namesilo,,,09/10/2026 03:33
afb8d555-c841-4eea-87c6-eed735f4e761,news.productions,premium,512,512,high,medium,4,namesilo,,,09/10/2026 03:33
235d285f-425d-46c2-b10b-d96ebe771445,news.cool,resell,,,high,medium,4,"Sav.com, LLC - 27",04/01/2024 15:15,04/01/2027 15:15,09/10/2026 03:33
b6cd8d5f-f900-4548-b082-5a54091bca3f,news.email,resell,,,high,medium,4,"DNSPod, Inc.",02/10/2025 15:15,02/10/2027 15:15,09/10/2026 03:33
33237021-eab9-41e4-a7e2-c51469a8158d,news.tickets,available,326.21,388.33,high,medium,4,spaceship,,,09/10/2026 03:33
f0ede23c-603a-40a6-ab67-170ebbd02553,news.skin,premium,2600,2600,high,medium,4,namecheap,,,09/10/2026 03:33
9599f51c-8ebd-43ee-8352-ef51cab55359,news.dad,premium,1034.17,1034.17,high,medium,4,spaceship,,,09/10/2026 03:33
26b19416-a427-4544-a6d6-80891f8f9dd3,news.cafe,resell,,,high,medium,4,Dynadot Inc,14/07/2015 15:21,14/07/2027 15:21,09/10/2026 03:33
baa31f13-55bc-453b-a2cc-4cb61c026b34,news.mortgage,premium,414.2,414.2,high,medium,4,spaceship,,,09/10/2026 03:33
e43e1ceb-1ce0-4c42-98db-90caa4376f7f,news.enterprises,premium,260,260,high,medium,4,namecheap,,,09/10/2026 03:33
fb862eac-1404-48b4-851d-7d56a2ff3415,news.hot,premium,13800,13800,high,medium,4,namesilo,,,09/10/2026 03:33
b23001bf-f832-4717-8f28-023eb6f4cc5c,news.energy,resell,,,high,medium,4,Porkbun LLC,11/02/2015 18:12,11/02/2027 18:12,09/10/2026 03:33
a8e2ba2e-a4cc-412c-b203-007b7a2b7935,news.watch,resell,,,high,medium,4,"Global Domains International, Inc. DBA DomainCostClub.com",19/07/2015 16:00,19/07/2028 16:00,09/10/2026 03:33
c62cbe9e-97a5-4878-a71f-007ecb9fe850,news.prof,premium,1344.67,1344.67,high,medium,4,spaceship,,,09/10/2026 03:33
96fc1482-f482-4c32-9e3b-0eb9a827f0be,press.blog,premium,3450,13800,high,low,5,namesilo,,,07/10/2026 11:24
ec38a095-cea0-4b1b-989f-a5bf4d2d9919,news.deal,premium,640,640,high,medium,4,namesilo,,,09/10/2026 03:33
7811ab5e-babf-48e7-991b-db911efb2ae0,news.fitness,premium,207.2,207.2,high,medium,4,spaceship,,,09/10/2026 03:33
673a25ac-eb2c-49d4-906d-42aa7911231e,news.london,resell,,,high,medium,4,united-domains GmbH,19/07/2017 11:34,19/07/2027 23:59,09/10/2026 03:33
dc285d8f-dafa-460f-bb86-1d2f715f2965,news.consulting,premium,51.43,102.67,high,medium,4,spaceship,,,09/10/2026 03:33
bd04ea73-e3b6-4e5a-b9f5-e08d0c52b810,news.moi,premium,1107,1107,high,medium,4,namesilo,,,09/10/2026 03:33
5b928183-14bf-47d2-b957-3799ba1fbbc2,news.auction,premium,414.2,414.2,high,medium,4,spaceship,,,09/10/2026 03:33
e59dcdba-5f65-48e9-8621-d4b2025a0894,news.mobile,premium,4140.2,4140.2,high,medium,4,spaceship,,,09/10/2026 03:33
fb58695f-2319-4c84-bcaa-02ffe2fa8262,news.locker,premium,1654.52,8.8,high,medium,4,namesilo,,,09/10/2026 03:33
1b2c3e10-4f7d-4e70-a17e-a5984b1ace20,news.shopping,resell,,,high,medium,4,IONOS SE,28/09/2016 16:02,28/09/2027 16:02,09/10/2026 03:33
ea15f7ed-34d0-495c-a9fe-c554c63f7343,news.dentist,premium,512,512,high,medium,4,namesilo,,,09/10/2026 03:33
b3a52d28-5fdf-4311-880d-0149f9e0d481,news.diy,premium,910,1300,high,medium,4,namecheap,,,09/10/2026 03:33
f818a967-c153-4d62-92cf-42d3ee40dbe8,news.club,resell,,,high,medium,4,Porkbun,11/12/2018 22:03,11/12/2026 22:03,09/10/2026 03:33
9a6a198a-3d26-4878-a070-dd65051248ec,news.airforce,resell,,,high,medium,4,Dynadot Inc,17/08/2022 00:34,17/08/2029 00:34,09/10/2026 03:33
303c7939-d058-40d9-8204-9c8c0d572a37,press.observer,premium,880,880,high,low,5,dynadot,,,07/10/2026 11:24
0704560b-f4a2-443d-a1f5-f7107f9ab7e0,news.beauty,premium,2600,2600,high,medium,4,namecheap,,,09/10/2026 03:33
93d21789-0146-4f07-9b7a-557ac0b9459c,news.makeup,premium,2660,2660,high,medium,4,namesilo,,,09/10/2026 03:33
8288cdc7-f89a-4f4f-a673-71b164a2ba88,news.group,resell,,,high,medium,4,"Spaceship, Inc.",01/09/2025 15:15,01/09/2027 15:15,09/10/2026 03:33
3b68fbdd-9f07-4f74-8380-95a3c54a448e,news.surgery,premium,207.2,207.2,high,medium,4,spaceship,,,09/10/2026 03:33
d6e11517-b5b9-40de-ac34-8d5dee88e4bd,news.biz,resell,,,high,medium,4,1API GmbH,04/06/2004 17:14,03/06/2027 23:59,09/10/2026 03:33
2c404a2c-2519-4bad-8c1e-1628b46b232e,news.boutique,resell,,,high,medium,4,Dynadot Inc,13/02/2021 12:07,13/02/2027 12:07,09/10/2026 03:33
f88f7fb1-f84c-4259-a9a3-380cbb3c5f10,news.rsvp,premium,1034.17,1034.17,high,medium,4,spaceship,,,09/10/2026 03:33
88110a87-25db-4871-bba8-48665b77e1c6,news.nyc,premium,5500,26.97,high,medium,4,dynadot,,,09/10/2026 03:33
ce3dd372-9013-4173-b3cb-28379f4fcce2,news.gay,premium,2070.2,2070.2,high,medium,4,spaceship,,,09/10/2026 03:33
22a8c737-b192-41d1-b434-38c6dc597236,news.esq,premium,1344.67,1344.67,high,medium,4,spaceship,,,09/10/2026 03:33
9574dbeb-4e4e-4f65-b2fe-fb730b4a8900,news.date,resell,,,high,medium,4,"GoDaddy.com, LLC",15/11/2025 16:00,15/11/2027 16:00,09/10/2026 03:33
4212ac14-0b47-4db7-878a-9ead41c49441,news.foo,premium,1034.17,1034.17,high,medium,4,spaceship,,,09/10/2026 03:33
3872d29c-d170-40e3-930a-866086875115,news.cricket,premium,5175.2,103.7,high,medium,4,spaceship,,,09/10/2026 03:33
54813dfe-8dbe-4a5d-b58f-2156f373bed4,news.bingo,available,42.64,42.64,high,medium,4,spaceship,,,09/10/2026 03:33
c3c332bf-81fd-4638-a6d4-455ec1f69257,news.promo,premium,640,640,high,medium,4,namesilo,,,09/10/2026 03:33
28879f28-7fc9-47dd-8696-4ef09f4f666d,news.loan,premium,13800,116,high,medium,4,namesilo,,,09/10/2026 03:33
fca25a55-08f0-4443-8d71-82ae72b32243,press.online,premium,2587.7,10350.2,high,low,5,spaceship,,,07/10/2026 11:24
0ca1243e-5af5-4542-a797-d6b1f68bd889,press.productions,premium,118.8,118.8,high,low,5,namesilo,,,07/10/2026 11:24
6e200dd0-9c8c-4b4e-b423-44a66517c6f4,news.bond,resell,,,high,medium,4,Dynadot Inc,15/11/2020 16:18,15/11/2033 23:59,09/10/2026 03:33
062d7a9f-406f-43f3-af38-6272295abf7c,news.careers,premium,520,520,high,medium,4,namecheap,,,09/10/2026 03:33
92fa70aa-eec3-45e2-a36b-116cd3202af3,news.lifestyle,premium,1107,1107,high,medium,4,namesilo,,,09/10/2026 03:33
8f3dc51c-2aea-483f-9155-e8c7052e7c40,news.money,resell,,,high,medium,4,"Spaceship, Inc.",22/05/2019 19:37,22/05/2027 19:37,09/10/2026 03:33
d0df5e8f-9374-4520-8729-090e2a05139c,news.dog,premium,414.2,414.2,high,medium,4,spaceship,,,09/10/2026 03:33
8b4d5f7d-73a0-4dee-8b9a-36804f870a3b,news.build,premium,3900,3900,high,medium,4,namecheap,,,09/10/2026 03:33
b8758486-5b66-406d-9f4e-09beda2741ed,news.ceo,premium,2660,2660,high,medium,4,namesilo,,,09/10/2026 03:33
136ff657-9811-4fcc-8f13-67b5c01e476f,news.beer,premium,220,26.97,high,medium,4,dynadot,,,09/10/2026 03:33
8d305938-07ca-462b-9255-1290343d289a,news.training,premium,207.2,207.2,high,medium,4,spaceship,,,09/10/2026 03:33
2aa4599d-b23a-458d-b187-7831f31fb76d,news.faith,premium,6500,130,high,medium,4,namecheap,,,09/10/2026 03:33
7b743dee-fd32-425e-8af7-92b4bb055292,news.rehab,premium,242,242,high,medium,4,namesilo,,,09/10/2026 03:33
2faa957f-4c9a-43d5-9074-6742fcc57c71,news.protection,available,2064.2,2064.2,high,medium,4,spaceship,,,09/10/2026 03:33
46e7fb09-a557-464a-805b-2394d2663f14,news.car,available,1863.2,2064.2,high,medium,4,spaceship,,,09/10/2026 03:33
22f642dc-696f-4cb3-9a17-9141759de8cc,news.expert,resell,,,high,medium,4,Dynadot Inc,08/03/2019 13:40,08/03/2027 13:40,09/10/2026 03:33
367222da-098a-4c92-a0eb-edb3dbd4138e,news.degree,premium,220,220,high,medium,4,dynadot,,,09/10/2026 03:33
47e6a287-bef9-48f7-b15c-f71a335fedcf,news.wine,resell,,,high,medium,4,"Chengdu West Dimension Digital Technology Co., Ltd.",15/04/2017 10:53,15/04/2027 10:53,09/10/2026 03:33
ed0f85e4-8db7-40d2-8a35-4ef5bf2293f0,press.sexy,premium,10350.2,10350.2,high,low,5,spaceship,,,07/10/2026 11:24
14cea026-18f7-49e7-90df-9eb4b8d6aa2c,news.voto,premium,517.7,517.7,high,medium,4,spaceship,,,09/10/2026 03:33
8388dde6-98ed-42e3-9f5f-0464bbb9a1d3,news.villas,premium,414.2,414.2,high,medium,4,spaceship,,,09/10/2026 03:33
c572adea-a79f-49eb-b216-788228efa30d,press.mov,premium,1034.17,1034.17,high,low,5,spaceship,,,07/10/2026 11:24
6143284c-2971-49b9-b3b0-bd6dc55d18c2,press.actor,premium,,,high,low,5,,,,07/10/2026 11:24
2bef753d-edb6-413c-9b99-71a1af5c709d,news.vip,resell,,,high,medium,4,Dynadot Inc,15/08/2020 01:54,15/08/2027 01:54,09/10/2026 03:33
bd14e839-106a-43c8-94e5-d51362e16ecd,news.living,premium,1107,1107,high,medium,4,namesilo,,,09/10/2026 03:33
aa63c3cc-2a17-4134-bccb-322c334996b7,news.homes,resell,,,high,medium,4,"Spaceship, Inc.",04/08/2021 12:09,04/08/2027 23:59,09/10/2026 03:33
5371a02c-55d6-47e4-973e-adf0f618a4b3,news.bot,premium,6900,6900,high,medium,4,namesilo,,,09/10/2026 03:33
71890099-2e5d-42a2-a6ed-a20b4935b61e,press.talk,premium,132,132,high,low,5,dynadot,,,07/10/2026 11:24
085e4f86-72f1-4fd3-b5d4-b1b511ed640c,news.trading,premium,2587.7,2587.7,high,medium,4,spaceship,,,09/10/2026 03:33
c9e3c84e-30ad-4762-95b9-faca7f2aef0d,news.pink,resell,,,high,medium,4,"Sav.com, LLC - 31",17/12/2025 15:15,17/12/2026 15:15,09/10/2026 03:33
89af1786-bd25-4afb-9de7-27e0dd769906,news.boo,premium,1298.7,1298.7,high,medium,4,namecheap,,,09/10/2026 03:33
370fa3e9-4323-4124-906b-d43aeb40b3a3,press.theatre,available,509.99,529.99,high,low,5,namesilo,,,07/10/2026 11:24
6bec59c1-4bad-420f-b369-2e2fc0fc1aaa,news.photography,premium,207.2,207.2,high,medium,4,spaceship,,,09/10/2026 03:33
4682f6e7-3399-4029-a282-d73e5e1cf81d,news.engineering,premium,242,242,high,medium,4,namesilo,,,09/10/2026 03:33
0a19caba-97c6-4526-b92a-a4649ab30581,news.wedding,premium,854,29.5,high,medium,4,namesilo,,,09/10/2026 03:33
dbb0afb6-22a9-48f2-90d5-324382f549af,press.boats,available,1.24,13.97,high,low,5,spaceship,,,07/10/2026 11:24
69b2f9c0-2152-449c-8d55-dee4d8ac78f1,news.casino,resell,,,high,medium,4,"Go China Domains, LLC",31/05/2015 16:00,31/05/2027 16:00,09/10/2026 03:33
6856c46d-8bde-4546-b758-e57d6cd80c6a,press.biz,resell,,,high,low,5,"MarkMonitor, Inc.",13/06/2012 17:04,12/06/2027 23:59,07/10/2026 11:24
22073b66-6a0c-4276-9521-aad57a0ea7b2,news.guru,resell,,,high,medium,4,Dynadot Inc,18/04/2019 09:06,18/04/2028 09:06,09/10/2026 03:33
c7cc29a0-d880-4da5-9e3e-eb5c8f501f2b,press.skin,available,1.99,17.29,high,low,5,namesilo,,,07/10/2026 11:24
172e03a0-ff34-4df9-8d28-9e53e2384da4,news.security,available,1999.99,2049.99,high,medium,4,namesilo,,,09/10/2026 03:33
69f1321c-1cfd-4e1a-9de4-ec8208883f38,press.viajes,available,94.98,124.48,high,low,5,namecheap,,,07/10/2026 11:24
5b6d5811-1232-49c1-aacb-a44f9a78fb55,press.moda,premium,828.2,828.2,high,low,5,spaceship,,,07/10/2026 11:24
8167337c-1607-48ab-9023-224c0c5fa249,news.storage,available,509.99,529.99,high,medium,4,namesilo,,,09/10/2026 03:33
ae16bc61-ada1-41d2-9301-73f9a1636700,press.dental,available,78.99,78.99,high,low,5,namesilo,,,07/10/2026 11:24
c9ed351a-891f-47ab-acb1-102cde6b30f0,news.zone,premium,854,854,high,medium,4,namesilo,,,09/10/2026 03:33
c768e669-08c5-4caa-a21c-9b689021cf82,press.vana,available,2070.2,2070.2,high,low,5,spaceship,,,07/10/2026 11:24
225843d5-f151-4056-a1b6-eaf8cf035338,news.miami,resell,,,high,medium,4,Porkbun,23/04/2021 16:19,23/04/2027 16:19,09/10/2026 03:33
d3208fec-3a8d-49d9-b83d-ab4458293048,news.city,resell,,,high,medium,4,"Global Domains International, Inc. DBA DomainCostClub.com",05/08/2015 16:00,05/08/2028 16:00,09/10/2026 03:33
a7ce2488-2de2-4d70-8072-f8247bfb3e00,press.qpon,premium,3450,23.54,high,low,5,namesilo,,,07/10/2026 11:24
3bc983a8-4c08-4321-b463-0570930a954b,press.reisen,available,3.99,20.99,high,low,5,namesilo,,,07/10/2026 11:24
b3815abf-f74f-400e-ac55-75665a71bdc5,news.reisen,premium,242,242,high,medium,4,namesilo,,,09/10/2026 03:33
fac78e95-fa76-4281-93be-570157bb8b19,press.nexus,premium,1034.17,1034.17,high,low,5,spaceship,,,07/10/2026 11:24
b72022f5-da6d-408b-91f2-5785e0b0584b,press.makeup,available,1.99,14.45,high,low,5,dynadot,,,07/10/2026 11:24
ddc2fcab-96c1-4f38-b833-6819f9ef3dc0,press.sbs,premium,310.7,621.2,high,low,5,spaceship,,,07/10/2026 11:24
920b22bd-2af5-4614-9040-db61c9ba693d,news.broker,resell,,,high,medium,4,"Global Domains International, Inc. DBA DomainCostClub.com",24/06/2025 15:15,24/06/2027 15:15,09/10/2026 03:33
41bca43e-bbd1-4e7e-845d-267b2a3c5388,news.website,premium,13800,13800,high,medium,4,namesilo,,,09/10/2026 03:33
66b5fd69-37d8-481e-8829-927e262883fc,press.food,premium,116,116,high,low,5,namesilo,,,07/10/2026 11:24
8c52e1b7-6e83-463a-97fc-28dd5f6d15dd,press.cleaning,available,60.23,60.23,high,low,5,spaceship,,,07/10/2026 11:24
346018b2-c155-4d9f-93cc-9e2bc42a2aa2,press.dance,premium,854,854,high,low,5,namesilo,,,07/10/2026 11:24
9705cb1c-28bb-4535-bf83-e4c3a0206b6f,press.win,premium,448,53.92,high,low,5,namesilo,,,07/10/2026 11:24
59eff393-4dee-4f19-a264-5ad8114b6c0b,news.healthcare,resell,,,high,medium,4,Porkbun LLC,02/10/2023 15:15,02/10/2027 15:15,09/10/2026 03:33
83412c72-7240-4826-9009-bcf57de969ba,press.science,premium,2750,110,high,low,5,dynadot,,,07/10/2026 11:24
69ec402d-571c-453c-b63c-055722b6098d,press.theater,available,65.99,65.99,high,low,5,namesilo,,,07/10/2026 11:24
f6cf5ccb-2127-4a2d-864e-72708ed1f010,press.guide,premium,72.6,72.6,high,low,5,dynadot,,,07/10/2026 11:24
1f935b77-e455-4f4a-9878-d2e3b9ab3074,press.degree,premium,1107,1107,high,low,5,namesilo,,,07/10/2026 11:24
9b86265c-c079-4bf5-838c-d933d5bc4164,press.consulting,premium,1100,1100,high,low,5,dynadot,,,07/10/2026 11:24
b1524b01-c0d5-494a-ad74-2f2f8523ce24,press.moi,available,25.99,25.99,high,low,5,namesilo,,,07/10/2026 11:24
36f87b22-9868-4ed4-92b5-85e069701155,news.berlin,resell,,,high,medium,4,,27/11/2015 16:02,27/11/2027 16:02,09/10/2026 03:33
3c947524-0147-4c2d-a001-05c0e0ea4d94,news.marketing,resell,,,high,medium,4,Dynadot Inc,06/02/2018 08:05,06/02/2027 08:05,09/10/2026 03:33
63158016-96ca-4464-bf15-5892fa4c65a8,press.uk,resell,,,high,low,5,Global Domains Limited t/a Global Domains Limited,19/03/2019 11:29,19/03/2027 11:29,07/10/2026 11:24
db899028-b22f-4515-a615-4d460b2e0875,press.green,premium,640,640,high,low,5,namesilo,,,07/10/2026 11:24
bb132ca6-7062-40f3-a6fe-56e80bfe6840,press.courses,available,1.5,32.32,high,low,5,dynadot,,,07/10/2026 11:24
ce1e635d-8abf-400e-9863-abaf2bd397d3,news.cab,resell,,,high,medium,4,"Xiamen ChinaSource Internet Service Co., Ltd",06/03/2024 15:15,06/03/2027 15:15,09/10/2026 03:33
ee2c8d95-7440-4b9c-95b5-84d3fed22d68,press.adult,available,53.72,101.87,high,low,5,dynadot,,,07/10/2026 11:24
7dd59d94-bac1-426d-a748-43801fd2bc78,news.im,resell,,,high,medium,4,,,,09/10/2026 03:33
4900228f-88be-4685-bc97-53d87881b8bf,press.bike,available,30.2,30.2,high,low,5,cloudflare,,,07/10/2026 11:24
bc5cea05-2f34-40a3-ab1a-36cc60320d52,press.llc,premium,550,550,high,low,5,dynadot,,,07/10/2026 11:24
869da781-59fa-4437-8956-fe8c1a114dfa,news.how,premium,568.42,568.42,high,medium,4,spaceship,,,09/10/2026 03:33
9c291ef5-58ba-4d1c-9a8e-423ffe9d7bf6,press.us,resell,,,high,low,5,"Global Domains International, Inc. DBA DomainCostClub.com",24/04/2002 14:11,23/04/2028 23:59,07/10/2026 11:24
edb146fc-b0b7-4b46-9278-dc47f7438d69,news.dental,resell,,,high,medium,4,"GoDaddy.com, LLC",08/06/2021 07:51,08/06/2028 07:51,09/10/2026 03:33
560891f9-a36b-489b-9826-1c4a66a1ecd4,news.market,premium,3450,3450,high,medium,4,namesilo,,,09/10/2026 03:33
59dd6796-8e51-4cd2-a8d8-f3976a5f55cf,press.work,premium,640,11.8,high,low,5,namesilo,,,07/10/2026 11:24
a2682c47-aaf6-4f74-9c3e-91508c2c95a9,press.dentist,premium,3450,3450,high,low,5,namesilo,,,07/10/2026 11:24
119e7abf-6b07-46a1-9e8c-e434ee9adc49,press.law,available,83,83,high,low,5,spaceship,,,07/10/2026 11:24
5cfd14d4-1267-47be-bcf9-aa5cb6c903fa,press.giving,available,6.41,22.39,high,low,5,spaceship,,,07/10/2026 11:24
21d156f7-f348-4f1f-ae22-26f7dadc3fa5,news.sydney,available,58,58,high,medium,4,namesilo,,,09/10/2026 03:33
b5cf6422-e110-40c6-8ecb-533459082179,press.mobile,premium,390,390,high,low,5,namecheap,,,07/10/2026 11:24
c5c1d7ce-79fe-4fa0-8442-d3da055c2adb,press.build,premium,1552.7,1552.7,high,low,5,spaceship,,,07/10/2026 11:24
48ee612f-8a8d-4ff6-97c3-8a47022694b5,news.mov,premium,1091.09,1091.09,high,medium,4,porkbun,,,09/10/2026 03:33
0a48ad0d-ebf9-4d06-8790-fc9497b65af0,press.rent,available,1.18,51.95,high,low,5,spaceship,,,07/10/2026 11:24
8cfa37b9-2854-4061-8dd2-fad8c8bb857c,press.racing,premium,116,116,high,low,5,namesilo,,,07/10/2026 11:24
3ee30b9d-1b0e-4653-a942-6ae556e034b3,news.cars,available,1863.2,2064.2,high,medium,4,spaceship,,,09/10/2026 03:33
b2ffa3cc-48a2-4ee1-88c7-152156ec3761,press.soy,premium,328.9,328.9,high,low,5,dynadot,,,07/10/2026 11:24
fa9c8c0b-8dda-4d06-a835-b23cea9720b8,press.cv,premium,265.6,80.33,high,low,5,namesilo,,,07/10/2026 11:24
c6c472f3-6b78-4560-8667-f1cc10450c0b,press.trading,available,19.48,19.48,high,low,5,dynadot,,,07/10/2026 11:24
6e7b7e92-af5d-414d-9626-e73115f2c136,news.reise,premium,260,260,high,medium,4,namecheap,,,09/10/2026 03:33
59bc15aa-9fc5-474f-a349-a6bd1e09ebae,press.so,resell,,,high,low,5,NameCheap,15/08/2020 13:05,15/08/2026 13:05,
d888603c-ec8c-43ba-93f7-edf1491c1721,press.gold,resell,,,high,low,5,"DNSPod, Inc.",05/03/2017 02:54,05/03/2027 02:54,07/10/2026 11:24
e1b040a8-e666-40d6-8239-86035a12b888,press.city,resell,,,high,low,5,"Spaceship, Inc.",15/03/2022 22:17,15/03/2027 22:17,07/10/2026 11:24
c8c88e06-abbc-4219-b17e-e49d532c7492,press.dealer,premium,4278,2660,high,low,5,namesilo,,,07/10/2026 11:24
b07d84f8-badf-4206-a2ed-dfcea69d1c38,news.sexy,premium,11000,11000,high,medium,4,dynadot,,,09/10/2026 03:33
1e93d340-895a-4524-9ea0-dbdb24da0eff,broadcast.so,resell,,,high,low,9,SOSTEC TECHNOLOGIES_LR,18/05/2022 03:29,18/05/2026 03:29,
d16d23a3-64f4-4a14-9633-1b5c227a1b0c,press.flights,premium,102.67,102.67,high,low,5,spaceship,,,07/10/2026 11:24
045d1722-c1f3-455e-a9e8-1517e335d01c,news.ltd,resell,,,high,medium,4,Alibaba Cloud Computing Ltd. d/b/a HiChina (www.net.cn),19/06/2016 22:47,19/06/2031 22:47,09/10/2026 03:33
77bb3db7-645f-4713-9fee-7388ec112c4a,news.holiday,resell,,,high,medium,4,"Sav.com, LLC - 38",06/10/2025 15:15,06/10/2027 15:15,09/10/2026 03:33
cc4074d6-9fa0-4b2d-a778-e7d7576ddd18,press.deals,premium,108.9,108.9,high,low,5,dynadot,,,07/10/2026 11:24
a1688af4-92f1-4fb9-8ad1-2ae4080ff528,news.ink,premium,832,832,high,medium,4,namesilo,,,09/10/2026 03:33
d7ace31f-d483-434d-87d5-53b17c2945ff,news.accountant,premium,640,77.35,high,medium,4,namesilo,,,09/10/2026 03:33
a698814b-1f4e-40b1-b131-d84a36eff4b5,news.page,premium,1278.72,1278.72,high,medium,4,namesilo,,,09/10/2026 03:33
8d8fc864-0bf5-4623-a735-26fb7cee4bbc,press.audio,available,107.22,107.22,high,low,5,dynadot,,,07/10/2026 11:24
66b2cbdc-9a6f-4d7e-bfe5-bd13b41c4504,press.ing,premium,10350.2,10350.2,high,low,5,spaceship,,,07/10/2026 11:24
e6cfc437-d17e-4c19-8d81-0e2eab728f65,press.domains,premium,512,512,high,low,5,namesilo,,,07/10/2026 11:24
db161bce-6039-47f1-bb26-8f9cda58f7de,news.mx,resell,,,high,medium,4,NEUBOX Internet SA de CV,22/05/2009 00:00,21/05/2027 00:00,09/10/2026 03:33
59532de0-b7d8-4612-a1b3-3508f1ac85e8,press.gratis,available,18.83,18.83,high,low,5,spaceship,,,07/10/2026 11:24
1f8cd9f7-4dc7-4063-9be2-9ed7ba824e90,press.florist,available,26.08,26.08,high,low,5,spaceship,,,07/10/2026 11:24
3484558d-9be9-4984-b4a0-43be0df765c4,press.deal,premium,640,640,high,low,5,namesilo,,,07/10/2026 11:24
52ef92b2-2678-4d0e-825c-891c49689eaf,press.supply,premium,118.8,118.8,high,low,5,namesilo,,,07/10/2026 11:24
96a65515-c2e5-4808-a47c-45ed0be63f6d,press.webcam,premium,517.7,67.48,high,low,5,spaceship,,,07/10/2026 11:24
b3c9baf4-5ae2-4a0c-8199-54ae934260bb,press.rehab,premium,1107,1107,high,low,5,namesilo,,,07/10/2026 11:24
ca4eff23-3dc7-4eb6-9272-6c9ffa1ce897,news.spot,premium,5500,5500,high,medium,4,dynadot,,,09/10/2026 03:33
14ce608a-8609-4ae2-b77c-c4508d7f1778,news.care,resell,,,high,medium,4,"Spaceship, Inc.",02/10/2023 15:15,02/10/2027 15:15,09/10/2026 03:33
3c949cde-00a0-48ed-93ef-48fd4ead76e9,press.gift,available,16.91,16.91,high,low,5,dynadot,,,07/10/2026 11:24
709cf92d-6d5f-4339-9c10-8d6b95f92b41,news.family,premium,1107,1107,high,medium,4,namesilo,,,09/10/2026 03:33
6bc8afe5-5fa0-44e8-b45d-b4f1670ce8f7,news.accountants,available,90.2,90.2,high,medium,4,cloudflare,,,09/10/2026 03:33
67b9846f-c8f0-431e-bd25-55da85a4f754,press.cam,premium,1552.7,14.69,high,low,5,spaceship,,,07/10/2026 11:24
5323d0ae-bf4d-40f0-8898-00e50200e47b,news.investments,premium,242,242,high,medium,4,namesilo,,,09/10/2026 03:33
d0c6a4cf-8efe-4718-b537-9424c63d5b98,press.film,available,77.98,97.98,high,low,5,namecheap,,,07/10/2026 11:24
4eccbddd-c4fc-4595-ada9-990090bb20be,news.racing,premium,110,110,high,medium,4,dynadot,,,09/10/2026 03:33
ab1b6dd0-d954-465a-889f-7b7f685e8b1b,press.rocks,premium,854,854,high,low,5,namesilo,,,07/10/2026 11:24
cbf31a9f-6433-44bf-9220-7dd5a3cd77cf,press.watch,premium,512,512,high,low,5,namesilo,,,07/10/2026 11:24
32a46205-71ae-452b-9591-8bc6b6b93d94,news.free,premium,1107,1107,high,medium,4,namesilo,,,09/10/2026 03:33
54d79a26-2f46-4930-9e58-ca40ddfd4c4b,press.republican,premium,414.2,414.2,high,low,5,spaceship,,,07/10/2026 11:24
bd9bcba0-33dd-4a39-888c-b8570de7eeb0,press.car,available,2070,2400,high,low,5,namecheap,,,07/10/2026 11:24
5ed9c9ec-8945-4e22-a048-226cff34ac5d,news.software,premium,1107,1107,high,medium,4,namesilo,,,09/10/2026 03:33
4c68d925-77d0-4244-b3b4-1caa2667fb1e,press.gallery,premium,68.51,68.51,high,low,5,spaceship,,,07/10/2026 11:24
02da01f1-cb51-46b3-a535-0438068de7bd,press.gifts,premium,78.54,78.54,high,low,5,namesilo,,,07/10/2026 11:24
46f3ff7d-21ae-4720-8324-cb184f4e4ea3,news.fund,resell,,,high,medium,4,"Chengdu West Dimension Digital Technology Co., Ltd.",19/01/2018 14:36,19/01/2027 14:36,09/10/2026 03:33
f5b8dea2-9921-4758-9622-d33dcfc79062,press.navy,premium,828.2,828.2,high,low,5,spaceship,,,07/10/2026 11:24
dced6f66-02b8-42ba-990b-4fc6c7350520,news.vacations,premium,207.2,207.2,high,medium,4,spaceship,,,09/10/2026 03:33
7932378b-55e1-45c4-b879-3e2cb9b6db35,press.men,resell,,,high,low,5,TuringSign Inc. d/b/a Cosmotown,17/02/2016 09:37,17/02/2030 09:37,07/10/2026 11:24
c06affb0-50e8-47af-bc54-a409e8fd34bf,press.flowers,available,64.99,114.99,high,low,5,namesilo,,,07/10/2026 11:24
8788a8a8-1a0f-46d8-b714-c035eb289f24,press.rsvp,premium,516.67,516.67,high,low,5,spaceship,,,07/10/2026 11:24
7eea42ee-5795-42db-9afc-9491ea7a0f9d,press.pro,resell,,,high,low,5,"Spaceship, Inc.",06/05/2024 15:15,06/05/2027 15:15,07/10/2026 11:24
a13de26d-39e6-4ccc-8ef7-207996f95800,news.attorney,premium,4140,4140,high,medium,4,namesilo,,,09/10/2026 03:33
dd709ac5-81db-4423-aa5e-10a8ac6aefb2,press.fishing,premium,96,29.5,high,low,5,namesilo,,,07/10/2026 11:24
e2e038cb-958b-4fc1-87dd-23cf204836dc,news.works,resell,,,high,medium,4,Edomains LLC,24/12/2025 15:15,24/12/2026 15:15,09/10/2026 03:33
b3bb6ec3-4921-4f85-8b0a-97031bf61874,broadcast.press,premium,1552.7,3105.2,high,low,9,spaceship,,,07/10/2026 17:00
60363851-1e4a-44a8-a58a-08a3f2fe2c95,press.living,premium,72.65,103.7,high,low,5,spaceship,,,07/10/2026 11:24
aa1434c0-94a7-4f53-ac43-91bce32dc5a6,news.dealer,premium,4278,2660,high,medium,4,namesilo,,,09/10/2026 03:33
aa412483-853b-4e98-b848-f0995d0a8047,news.black,resell,,,high,medium,4,"Spaceship, Inc.",12/08/2025 15:15,12/08/2027 15:15,09/10/2026 03:33
370b3163-88a7-46ca-bc8c-f43711a290f5,press.voto,available,11.98,86.98,high,low,5,namecheap,,,07/10/2026 11:24
1c3532ad-fb10-43e4-aed5-4085e2623db3,press.fashion,premium,83,26.08,high,low,5,spaceship,,,07/10/2026 11:24
e50aa884-dbbf-41ca-afd4-0458bf774d0e,news.soy,premium,516.67,516.67,high,medium,4,spaceship,,,09/10/2026 03:33
524a56a9-e708-4107-8cf4-3351e59ccada,news.fun,premium,2587.7,10350.2,high,medium,4,spaceship,,,09/10/2026 03:33
6a52675f-92d6-40df-a9b1-89f2393c9cf0,news.theatre,available,535.22,535.22,high,medium,4,dynadot,,,09/10/2026 03:33
42e01628-6201-4c50-92d1-a8d6b6bbbc1f,press.cash,premium,102.67,102.67,high,low,5,spaceship,,,07/10/2026 11:24
8332cade-a0e8-4350-bca3-c9cb6a1382f5,news.vet,premium,1107,1107,high,medium,4,namesilo,,,09/10/2026 03:33
a5f23746-81fd-4022-8ff1-f906217be523,news.melbourne,available,58,58,high,medium,4,namesilo,,,09/10/2026 03:33
06c02ecb-b566-46e9-ba1e-024284a814ce,press.download,premium,550,71.5,high,low,5,dynadot,,,07/10/2026 11:24
c99fc3c7-9c4f-4086-a1ed-ba74884e911f,press.reviews,premium,512,512,high,low,5,namesilo,,,07/10/2026 11:24
4f51d262-aa4b-4968-b6df-68cbc616de97,press.college,premium,640,640,high,low,5,namesilo,,,07/10/2026 11:24
89b2fbc7-f098-42fa-8c68-9bffe633814e,press.salon,available,45.74,45.74,high,low,5,spaceship,,,07/10/2026 11:24
59896e52-4db4-44de-b836-ab95506d77ba,news.store,premium,2587.7,10350.2,high,medium,4,spaceship,,,09/10/2026 03:33
c9b9e717-32f1-4154-948c-98af59f32520,press.lawyer,premium,3450,3450,high,low,5,namesilo,,,07/10/2026 11:24
31c83139-2294-48bf-b787-8d49ea7bd257,journalism.press,premium,5458.82,5458.82,high,low,10,porkbun,,,30/09/2026 00:56
86e66dce-e260-407a-a1f6-4084c9cda2e4,press.democrat,premium,512,512,high,low,5,namesilo,,,07/10/2026 11:24
f8a38b09-ed7f-49f0-bd4c-721bd46d72f6,news.shop,premium,1035.2,1035.2,high,medium,4,spaceship,,,09/10/2026 03:33
dcbdce9e-1cde-48ab-a7e7-ec7edbaac956,news.ca,resell,,,high,medium,4,CanSpace Solutions Inc.,24/09/2000 14:31,10/10/2027 04:00,09/10/2026 03:33
de207682-ad26-471d-aff5-d0abc12b17d1,press.channel,premium,516.67,516.67,high,low,5,spaceship,,,07/10/2026 11:24
581773aa-a14d-440e-82cd-4402ba493171,press.clinic,premium,102.67,102.67,high,low,5,spaceship,,,07/10/2026 11:24
ae8a734c-83c1-459a-8065-59a4339ce92e,press.schule,available,10.92,26.97,high,low,5,dynadot,,,07/10/2026 11:24
064ff8a8-327e-4d4c-ac4f-5dc0ea828174,news.voting,available,1398,1448,high,medium,4,namecheap,,,09/10/2026 03:33
c9a5e838-9ac7-4c91-a544-c8f5b78bc506,press.co,resell,,,high,low,5,Hello Internet Corp.,24/02/2010 23:06,23/02/2027 23:59,07/10/2026 11:24
42cb9d9f-4065-40e8-89a2-8871563c7c33,news.fans,premium,258.95,517.7,high,medium,4,spaceship,,,09/10/2026 03:33
7824b582-105c-4ac6-a4d5-bef02e4bf312,press.events,premium,512,512,high,low,5,namesilo,,,07/10/2026 11:24
e81dd806-3b25-4d6e-bebc-a26a020b08ad,news.place,resell,,,high,medium,4,Dynadot Inc,02/06/2020 18:37,02/06/2027 18:37,09/10/2026 03:33
223bf312-49dd-4c63-b4d6-e430f0610bf9,press.now,premium,517.7,517.7,high,low,5,spaceship,,,07/10/2026 11:24
8f13bf65-395d-4f9f-9a06-056af9237c6b,press.onl,premium,53.92,116,high,low,5,namesilo,,,07/10/2026 11:24
2c9452c4-5015-483f-ac29-0dec357cc28f,press.cat,available,18.28,24.3,high,low,5,dynadot,,,07/10/2026 11:24
232c23f3-af5e-4723-913d-85c7c0942fea,press.dad,premium,516.67,516.67,high,low,5,spaceship,,,07/10/2026 11:24
28a86818-dc96-485c-b0a5-f036b808c3f6,press.casino,available,14.99,179.99,high,low,5,namesilo,,,07/10/2026 11:24
bade8d6b-9ac8-48aa-9f9d-0eb8cb658eec,press.hiv,available,191.75,191.75,high,low,5,dynadot,,,07/10/2026 11:24
e11cf4d5-b088-4c24-92ff-cc563974d1f1,press.hospital,available,57.99,57.99,high,low,5,namesilo,,,07/10/2026 11:24
b457d663-dffa-4d0b-8c1f-ae2ee6548da9,press.legal,resell,,,high,low,5,Dynadot Inc,27/03/2026 20:36,27/03/2027 20:36,07/10/2026 11:24
5b02175a-5d60-4c8c-9d7f-11d3ca24b9b4,press.institute,premium,118.8,118.8,high,low,5,namesilo,,,07/10/2026 11:24
7d65403b-a2ff-4e83-88a5-10a58a417f43,news.ing,premium,1345.7,1345.7,high,medium,4,spaceship,,,09/10/2026 03:33
a8647ac3-76c0-4983-9200-ae36de357bff,press.works,premium,414.2,414.2,high,low,5,spaceship,,,07/10/2026 11:24
546aa13d-c7ae-4a5f-9aa6-3e217b49f973,broadcast.ninja,available,15.99,30.99,high,low,9,namesilo,,,07/10/2026 17:00
5d562220-2224-420d-b3df-38a072a12563,press.loan,premium,362.45,51.95,high,low,5,spaceship,,,07/10/2026 11:24
4cd09fc0-3c52-417b-bdbf-9286b295830c,broadcast.mov,premium,76.7,76.7,high,low,9,namecheap,,,07/10/2026 17:00
7debb711-9315-4e25-8bea-2257ebdf48bb,press.wiki,premium,116,116,high,low,5,namesilo,,,07/10/2026 11:24
4d099b4b-8763-4270-af2a-f0814d986aee,news.rocks,resell,,,high,medium,4,Dynadot Inc,06/08/2014 17:00,06/08/2027 17:00,09/10/2026 03:33
888fc64c-00fc-4983-8534-1956a79023cd,broadcast.film,available,65.99,65.99,high,low,9,namesilo,,,07/10/2026 17:00
ee89ebe2-41c8-4c0e-b68f-1ccb104d73b2,news.shoes,premium,414.2,414.2,high,medium,4,spaceship,,,09/10/2026 03:33
73e85cdf-08c3-4d51-b5b7-08b9fcc969a9,press.immobilien,premium,880,880,high,low,5,dynadot,,,07/10/2026 11:24
d537b6fa-65ed-42a7-be4f-77792eea93c1,press.country,available,2064.2,2064.2,high,low,5,spaceship,,,07/10/2026 11:24
f10ff485-72fb-4ff3-8ac7-4ba4e497f990,news.vin,resell,,,high,medium,4,"Xiamen ChinaSource Internet Service Co., Ltd",24/05/2025 15:15,24/05/2027 15:15,09/10/2026 03:33
6a26315f-6a1e-481f-bf82-17d13cbe0236,press.asia,resell,,,high,low,5,"GoDaddy.com, LLC",10/06/2008 07:07,10/06/2027 07:07,07/10/2026 11:24
151f11ce-c655-4397-8f31-4f4a53f5797e,press.hot,premium,550,550,high,low,5,dynadot,,,07/10/2026 11:24
f8e29fd2-aa52-4a86-8e73-84bc1e6ca584,press.diy,premium,72.65,103.7,high,low,5,spaceship,,,07/10/2026 11:24
09b44501-7d96-4802-acc4-969b5d69045c,news.farm,resell,,,high,medium,4,"GoDaddy.com, LLC",22/12/2017 00:07,22/12/2026 00:07,09/10/2026 03:33
b742b82b-f181-4e7a-a0a8-4882c8540717,press.holiday,available,50.2,50.2,high,low,5,cloudflare,,,07/10/2026 11:24
f770f9de-8da5-4f42-a27b-b29e762c916a,news.luxury,premium,2070.2,2070.2,high,medium,4,spaceship,,,09/10/2026 03:33
12644fd3-64cd-4273-8305-b6a9b6f07cb5,press.repair,available,12.99,36.99,high,low,5,namesilo,,,07/10/2026 11:24
e9cde9d9-bcb6-4ebc-bc08-a897c803d0f1,news.bid,premium,11000,110,high,medium,4,dynadot,,,09/10/2026 03:33
26a592ed-9503-4ebf-8380-8ce76492c659,press.fans,premium,242,242,high,low,5,namesilo,,,07/10/2026 11:24
eb9394b6-be29-48c9-914b-8457d1876236,broadcast.news,premium,517.7,1035.2,high,low,9,spaceship,,,07/10/2026 17:00
7c1c2d5c-1b4a-413b-ac11-8a750caf5e01,press.tires,available,72.44,72.44,high,low,5,spaceship,,,07/10/2026 11:24
ae45b10f-7aed-431d-8f80-0e5add8c12c5,press.company,resell,,,high,low,5,Dynadot Inc,24/07/2015 17:20,24/07/2027 17:20,07/10/2026 11:24
6c7afdbe-9eae-4081-91a7-cd3a42205d83,news.democrat,premium,207.2,207.2,high,medium,4,spaceship,,,09/10/2026 03:33
4485b4e0-a571-4403-88e3-9e89aba91c67,press.jewelry,available,76.48,78.48,high,low,5,namecheap,,,07/10/2026 11:24
1d8ba82a-3713-4899-83ff-abb7608cecee,press.mortgage,premium,3450,3450,high,low,5,namesilo,,,07/10/2026 11:24
7c55166a-2d15-4343-8f88-79c2016cf604,press.exposed,premium,220,220,high,low,5,dynadot,,,07/10/2026 11:24
d228ffbe-3af4-454e-ab3f-4ba3505765c5,press.ninja,premium,854,854,high,low,5,namesilo,,,07/10/2026 11:24
cba927b6-919b-4d99-8499-6f1d9e2b273c,press.coach,premium,260,260,high,low,5,namecheap,,,07/10/2026 11:24
12e2c69c-60bd-4be3-a868-9a047812c115,press.design,premium,103.7,103.7,high,low,5,spaceship,,,07/10/2026 11:24
08205230-0eb2-4d6a-bfe5-981a15aaddc6,news.support,resell,,,high,medium,4,"Sav.com, LLC - 9",13/07/2025 15:15,13/07/2027 15:15,09/10/2026 03:33
fdf8b198-dc5c-4bf1-a853-6cfe3fbe1a3b,editor.blog,premium,160,640,high,low,6,namesilo,,,25/09/2026 05:10
be46bcba-9ba6-4439-878d-400c5d6bff43,press.photos,resell,,,high,low,5,"NameCheap, Inc.",19/06/2025 18:26,19/06/2028 18:26,07/10/2026 11:24
dc01c385-042c-44d8-b521-a05cd4623409,news.love,premium,1811.45,2587.7,high,medium,4,spaceship,,,09/10/2026 03:33
d4266063-3784-40d7-8872-c057d80891b3,news.food,premium,724.7,1035.2,high,medium,4,spaceship,,,09/10/2026 03:33
e62ae072-b1bb-4f66-908d-e0deeafa8b71,press.kaufen,premium,854,854,high,low,5,namesilo,,,07/10/2026 11:24
e357ff45-eedf-4c3b-9961-05adbc168bf5,press.academy,resell,,,high,low,5,Automattic Inc.,06/06/2021 15:47,06/06/2027 15:47,07/10/2026 11:24
425cb1b3-9618-428b-8f6a-4ed41741e9bd,press.lighting,available,23.99,23.99,high,low,5,namesilo,,,07/10/2026 11:24
39e5155b-c8a3-4d5a-af28-037452c4b3f2,news.kids,premium,828.2,18.83,high,medium,4,spaceship,,,09/10/2026 03:33
64b19242-1bf7-49b9-86de-e6e60790996f,press.market,premium,3450,3450,high,low,5,namesilo,,,07/10/2026 11:24
729c1298-a0cd-4e80-b767-05eb724159e9,broadcasting.stream,premium,2750,110,high,low,12,dynadot,,,28/09/2026 12:27
54691577-e157-425d-8b61-6912f83ba8a9,news.industries,premium,207.2,207.2,high,medium,4,spaceship,,,09/10/2026 03:33
75176a38-5a76-4a3b-9127-5904d6f938d4,broadcast.channel,premium,133.72,133.72,high,low,9,spaceship,,,07/10/2026 17:00
721d9a53-68dd-446c-89c4-e9a493c53577,press.kiwi,premium,193.7,193.7,high,low,5,namecheap,,,07/10/2026 11:24
13b3b69b-d296-4e9e-abc4-712d6ff1238e,press.casa,premium,47.2,11.8,high,low,5,namesilo,,,07/10/2026 11:24
b634ab36-37cc-4f59-a3e4-c1450c8cae2c,press.game,available,300.2,300.2,high,low,5,cloudflare,,,07/10/2026 11:24
eaa7e7e2-2f57-430f-b766-1686d1d03aeb,news.college,premium,13000,13000,high,medium,4,namecheap,,,09/10/2026 03:33
1864a93f-2dc4-45dc-8e6e-e3608a90a231,press.art,premium,3450,83.3,high,low,5,namesilo,,,07/10/2026 11:24
5ff74936-bbfe-4897-9c3f-2a9e1533d7ef,press.zip,premium,1034.17,1034.17,high,low,5,spaceship,,,07/10/2026 11:24
2f593427-b291-4aa2-99ec-afd73f7b9023,press.vegas,available,19.98,64.98,high,low,5,namecheap,,,07/10/2026 11:24
c90e21f9-65a8-4a17-b645-7e17625904be,press.cruises,available,56.99,56.99,high,low,5,namesilo,,,07/10/2026 11:24
0d5be6e9-b815-4d55-9e50-edd8817bc350,press.university,premium,118.8,118.8,high,low,5,namesilo,,,07/10/2026 11:24
0b49b8f4-4084-4d96-ba46-57e5b70f2695,press.locker,premium,159.23,8.8,high,low,5,namesilo,,,07/10/2026 11:24
555ccf76-b5ed-4684-bb3d-b62d108906a8,press.vacations,available,38.99,38.99,high,low,5,namesilo,,,07/10/2026 11:24
7ae59cfc-8329-4f50-b096-4abef605a38f,press.condos,premium,118.8,118.8,high,low,5,namesilo,,,07/10/2026 11:24
e835d017-4849-4fea-b232-b091f68320d2,press.horse,premium,828.2,26.08,high,low,5,spaceship,,,07/10/2026 11:24
925e3f51-b8ef-49bb-9251-7d2c59491f3d,news.fashion,premium,854,29.5,high,medium,4,namesilo,,,09/10/2026 03:33
8d496760-a943-4552-898a-c69ffe32849c,press.rip,premium,512,512,high,low,5,namesilo,,,07/10/2026 11:24
07ee6bdd-b690-4bb5-92aa-824571c80d3e,news.lawyer,premium,,,high,medium,4,,,,09/10/2026 03:33
098db770-ecfa-474c-b7a9-f62b06a1e69f,press.you,premium,103.7,103.7,high,low,5,spaceship,,,07/10/2026 11:24
ee26e89e-d588-4c31-9596-0c12723be153,journalist.productions,available,10.99,40.49,high,low,10,namesilo,,,27/09/2026 12:59
5ed14c73-bf14-4432-8482-eea195d56b19,press.insure,available,72.99,72.99,high,low,5,namesilo,,,07/10/2026 11:24
152ab6ee-70d0-4b2c-9745-a8a3df115d1b,press.srl,premium,54.28,30.68,high,low,5,namesilo,,,07/10/2026 11:24
66910660-b55c-43b2-8780-cc5d88b5acbe,broadcast.observer,premium,11.8,11.8,high,low,9,namesilo,,,07/10/2026 17:00
c1dd8e9a-b154-4e86-bf49-8fdabf0e4dc8,press.cheap,premium,220,220,high,low,5,dynadot,,,07/10/2026 11:24
e7117906-e763-4217-89ce-af4287525a59,news.center,resell,,,high,medium,4,"Spaceship, Inc.",28/06/2015 16:00,28/06/2027 16:00,09/10/2026 03:33
1a242d0e-2d22-496b-be85-500af01cef2a,press.financial,premium,118.8,118.8,high,low,5,namesilo,,,07/10/2026 11:24
9d9b6d75-9b4b-4d4c-92a2-3dc51200ecc4,news.realty,premium,6520.7,9315.2,high,medium,4,spaceship,,,09/10/2026 03:33
e433929a-27d9-4889-91d5-3fbab21d672c,press.love,premium,6160,8800,high,low,5,dynadot,,,07/10/2026 11:24
c2f8dc10-5cdf-4f6e-825b-4f1a43f7fbc2,press.tattoo,available,1.75,31.25,high,low,5,spaceship,,,07/10/2026 11:24
9ab9d68b-408b-43b4-9de0-5903bbee889f,news.luxe,resell,,,high,medium,4,"GoDaddy.com, LLC",22/01/2021 23:56,22/01/2027 23:56,09/10/2026 03:33
7bbbe352-a1f9-4082-a509-b78b3694a9da,press.cars,available,1999.99,2199,high,low,5,namesilo,,,07/10/2026 11:24
10dd3fb6-ace9-4866-9f51-f70756ef257b,press.fish,premium,128.7,128.7,high,low,5,namecheap,,,07/10/2026 11:24
64cc483f-fe6a-45a1-9124-662c95b8d396,press.partners,premium,118.8,118.8,high,low,5,namesilo,,,07/10/2026 11:24
1de8a747-8054-4bbe-866a-e28fe37e9e1d,press.ryukyu,available,17.98,22.98,high,low,5,namecheap,,,07/10/2026 11:24
3ad0facd-7548-4d5a-b7e8-e0c90235f9d6,news.gold,resell,,,high,medium,4,"DNSPod, Inc.",12/08/2018 00:09,12/08/2035 00:09,09/10/2026 03:33
437d6ea8-7d58-4154-81de-ee89934ed316,press.fail,premium,78.54,78.54,high,low,5,namesilo,,,07/10/2026 11:24
a1a5fa28-9ede-4ad8-930d-cccb79dcc97d,television.news,premium,1000.5,1035.2,high,low,10,unstoppable,,,08/10/2026 21:58
4d3fe1eb-5a42-4223-9c3b-462500dd501e,press.bar,premium,1152,1152,high,low,5,namesilo,,,07/10/2026 11:24
7db38a01-a68d-4eef-b069-6c8302016ef2,journalism.video,premium,51.43,102.67,high,low,10,spaceship,,,30/09/2026 00:56
f4960d57-25c3-48f8-9037-3d7a878981aa,press.cards,premium,512,512,high,low,5,namesilo,,,07/10/2026 11:24
1f0bd918-11bf-4f48-a8b8-07f33e639eb1,press.sydney,premium,907.66,907.66,high,low,5,namecheap,,,07/10/2026 11:24
b6322322-77a4-4afd-8795-28b74e2bffb5,broadcasting.agency,resell,,,high,low,12,,,,28/09/2026 12:27
9e3cbf66-2bd1-437f-a73d-42e8316a5511,press.lgbt,available,10.55,64.37,high,low,5,spaceship,,,07/10/2026 11:24
b2e422fc-005f-46ef-8b94-b3ec581f860f,press.forsale,premium,1950,1950,high,low,5,namecheap,,,07/10/2026 11:24
875acaab-97e9-48b7-b425-c41eaabc2dd8,broadcast.fm,premium,31044.83,87.98,high,low,9,spaceship,,,07/10/2026 17:00
90688737-9136-47de-90a4-6d00e39d468f,editor.press,premium,6900,6900,high,low,6,namesilo,,,25/09/2026 05:10
06eb7912-f5b1-481e-a438-2af52f17fc10,journalist.press,premium,776.45,1552.7,high,low,10,spaceship,,,27/09/2026 12:59
f59b7154-3fee-41b6-b116-17ff82caaf0a,television.video,premium,103.7,207.2,high,low,10,spaceship,,,08/10/2026 21:58
2fac1171-881a-4f52-b266-0d0861719a4c,press.security,available,2000.2,2000.2,high,low,5,cloudflare,,,07/10/2026 11:24
9b6d6ed7-56b4-47a1-8d70-01d984f0c620,broadcast.blog,premium,160,640,high,low,9,namesilo,,,07/10/2026 17:00
63398b6f-2fa2-4d57-8974-b7277f799ae1,broadcasting.film,available,65.99,65.99,high,low,12,namesilo,,,28/09/2026 12:27
a2a9a50b-d839-4f8e-a0ec-ad7ee9a8f51b,press.band,premium,1107,1107,high,low,5,namesilo,,,07/10/2026 11:24
5070d2e2-bed7-4038-a9f5-988d63f7d960,journalist.blog,premium,129.58,517.7,high,low,10,spaceship,,,27/09/2026 12:59
e705debd-8ebc-4d25-ae35-1093f87f9194,press.engineering,premium,102.67,102.67,high,low,5,spaceship,,,07/10/2026 11:24
aba3a283-46fb-4f18-b17f-739735a22e3b,news.auto,available,1999.99,2199,high,medium,4,namesilo,,,09/10/2026 03:33
8c4de5e2-c1a0-458e-a48c-b4e58a9fd62f,press.land,premium,102.67,102.67,high,low,5,spaceship,,,07/10/2026 11:24
25175c71-9212-4b24-913c-0985d3c47059,radio.press,premium,1950,3900,high,medium,5,namecheap,,,27/09/2026 09:31
b431a42a-c79e-42d8-9578-1e006607790f,press.voting,available,978.6,978.6,high,low,5,dynadot,,,07/10/2026 11:24
8b7eecf2-7b86-4069-a79e-48469a7f3d75,press.rich,available,94.99,1999,high,low,5,namesilo,,,07/10/2026 11:24
4b77df5f-56ed-44c7-b099-512d87770c46,news.hair,premium,2070.2,2070.2,high,medium,4,spaceship,,,09/10/2026 03:33
ed0855d6-fddb-4043-b3e8-a6ab3c28a956,press.stream,premium,362.45,51.95,high,low,5,spaceship,,,07/10/2026 11:24
24dcff4e-1086-4940-9863-c4c5b23bb284,press.eco,premium,7762.7,59.71,high,low,5,spaceship,,,07/10/2026 11:24
d554a56c-e375-40a0-9393-043284b2d327,press.me,premium,20010,16.52,high,low,5,namesilo,,,07/10/2026 11:24
a4c036a5-1a69-4c61-ac5a-81018e9846c9,newspaper.news,premium,280,560,high,low,9,namecheap,,,30/09/2026 05:38
7f193fb4-96f4-4a33-931f-07573a70360f,news.cheap,resell,,,high,medium,4,"Sav.com, LLC",19/12/2020 16:50,19/12/2026 16:50,09/10/2026 03:33
ff6d1169-b596-4925-9d43-5853b6fef7b1,press.tech,premium,2587.7,10350.2,high,low,5,spaceship,,,07/10/2026 11:24
4ef57443-dbe0-464d-9cd9-d73cffae0631,press.tienda,available,59.99,59.99,high,low,5,namesilo,,,07/10/2026 11:24
840b80e4-257d-4bf2-ad62-6573892c4d01,radio.observer,premium,854,854,high,medium,5,namesilo,,,27/09/2026 09:31
f444fc3e-5891-452d-8718-9e9f83e5f604,press.christmas,available,1.8,49.98,high,low,5,namecheap,,,07/10/2026 11:24
34d3af27-ad78-4a8a-b158-a4e612e02ee7,press.ceo,premium,510.98,510.98,high,low,5,namesilo,,,07/10/2026 11:24
36acfe50-bd96-4929-addb-c084f7b87689,press.autos,available,1.24,13.97,high,low,5,spaceship,,,07/10/2026 11:24
9f1f2f28-0c25-4ba5-8383-66251f94b70b,press.dating,available,13.06,60.14,high,low,5,dynadot,,,07/10/2026 11:24
d6e0729e-f8ca-49e5-a8ac-af297e099c74,press.photo,premium,103.7,103.7,high,low,5,spaceship,,,07/10/2026 11:24
0d03283e-a612-4a73-bf17-033efa7b0264,news.academy,resell,,,high,medium,4,Porkbun LLC,07/02/2024 17:09,07/02/2027 17:09,09/10/2026 03:33
ba98cb9d-3a30-444d-a7b0-24b5b20e234f,press.today,resell,,,high,low,5,"Chengdu West Dimension Digital Technology Co., Ltd.",05/12/2017 00:36,05/12/2026 00:36,07/10/2026 11:24
d6319b68-2798-4462-b0bc-2cbb610a8d89,journalism.site,premium,258.95,1035.2,high,low,10,spaceship,,,30/09/2026 00:56
58cedc8a-df74-4ec5-a0a2-a4e33d073c1c,broadcasting.guitars,available,100.2,100.2,high,low,12,cloudflare,,,28/09/2026 12:27
40157804-8b07-4d35-af69-55ed2dbdd21f,broadcasting.actor,available,16,,high,low,12,unstoppable,,,28/09/2026 12:27
6a82bc68-2873-4c44-a179-b261e8e377dc,broadcast.meme,premium,90.2,93.35,high,low,9,unstoppable,,,07/10/2026 17:00
22c18c70-0ab6-477d-8c2a-54167a38ed03,press.boo,premium,,,high,low,5,,,,07/10/2026 11:24
5e2cc870-f71d-425f-977f-1d18eb938204,journalism.cam,available,14.2,14.2,high,low,10,cloudflare,,,30/09/2026 00:56
9502c5c4-f525-4b80-b120-f771406b8555,press.pub,premium,1552.7,1552.7,high,low,5,spaceship,,,07/10/2026 11:24
9fc550ec-5e45-4731-8459-165aad7c1d21,broadcast.tickets,available,326.21,388.33,high,low,9,spaceship,,,07/10/2026 17:00
d4306feb-3705-4daf-aabf-53148b53ebb8,press.accountant,premium,448,53.92,high,low,5,namesilo,,,07/10/2026 11:24
64892c66-72bc-415e-8165-a7c5569cd5c2,broadcasting.sex,available,52.01,98.35,high,low,12,porkbun,,,28/09/2026 12:27
bf1caeca-60dd-4e4b-8969-546af9f70ede,television.channel,premium,257.92,257.92,high,low,10,spaceship,,,08/10/2026 21:58
d053cf5a-8461-4d42-a32b-596cab7a66d9,broadcast.accountant,premium,448,53.92,high,low,9,namesilo,,,07/10/2026 17:00
c02c1070-3351-4e2c-9c24-cd35f11c6fbc,press.hamburg,available,69.98,73.98,high,low,5,namecheap,,,07/10/2026 11:24
33cdfa19-9ece-4cb4-afc3-f2d8d9c82148,press.forum,premium,76.94,109.69,high,low,5,porkbun,,,07/10/2026 11:24
9f2dd66c-539e-4000-831c-c39d9826e82c,journalism.adult,available,95.2,95.2,high,low,10,cloudflare,,,30/09/2026 00:56
f3426089-1561-4562-bed4-63cb4de76598,press.charity,available,6.41,22.39,high,low,5,spaceship,,,07/10/2026 11:24
295e6c9b-4b85-45ef-91f6-444babe6802e,newspaper.gallery,available,29.98,36.98,high,low,9,namecheap,,,30/09/2026 05:38
6c7e253b-8431-41d8-9f34-b1bcceb058d8,press.guitars,available,104.99,114.99,high,low,5,namesilo,,,07/10/2026 11:24
f13c23a3-34fd-4af4-9c2b-efee49137587,press.study,premium,51.95,51.95,high,low,5,spaceship,,,07/10/2026 11:24
644d54f1-02c2-437e-80ad-df57c44bf5b4,broadcast.vegas,premium,242,119.94,high,low,9,namesilo,,,07/10/2026 17:00
704ce41a-a4ff-46ac-b246-4fdcced0bf94,newspaper.sex,available,95.2,95.2,high,low,9,cloudflare,,,30/09/2026 05:38
b2573d68-26ea-4e1b-8832-61c84f952108,broadcast.uno,premium,517.7,517.7,high,low,9,spaceship,,,07/10/2026 17:00
decd5f63-dc93-4c12-973c-0f78cd70cf2d,broadcast.voto,available,26.5,55.93,high,low,9,unstoppable,,,07/10/2026 17:00
1f90a206-0019-4912-a530-b7020acf1511,broadcast.boutique,available,25.2,25.2,high,low,9,cloudflare,,,07/10/2026 17:00
113d71bd-2a61-49a8-9ed7-2cc457b85203,newspaper.agency,resell,,,high,low,9,"Sav.com, LLC - 41",21/06/2026 15:15,21/06/2027 15:15,30/09/2026 05:38
cc8c8a20-8080-4359-a9c0-71d2ae2916da,broadcast.cab,available,26.08,26.08,high,low,9,spaceship,,,07/10/2026 17:00
b2869ca4-e059-48d8-bdc2-ed1c4741d674,broadcast.berlin,available,79.98,89.98,high,low,9,namecheap,,,07/10/2026 17:00
75510c60-c137-414a-b0c7-37b4d264665e,journalism.gripe,available,6.99,6.99,high,low,10,namesilo,,,30/09/2026 00:56
2742f1af-b18e-4001-b63f-def4c9b6d16f,broadcast.blackfriday,available,128.98,134.98,high,low,9,namecheap,,,07/10/2026 17:00
d2211836-950b-4620-8f5e-23ab455305fa,broadcast.university,available,49.88,49.88,high,low,9,spaceship,,,07/10/2026 17:00
1d2977bb-379b-4dca-9c9b-541ff2aba6d4,newspaper.fm,available,68.25,89.25,high,low,9,dynadot,,,30/09/2026 05:38
cfb341cb-9d28-487d-9373-e42f642afa9f,broadcast.travel,available,115.2,115.2,high,low,9,cloudflare,,,07/10/2026 17:00
84c820eb-54fe-44eb-bd32-051f6af8da1e,broadcast.vet,available,33.32,33.32,high,low,9,spaceship,,,07/10/2026 17:00
90602121-de6c-43cc-9166-4d096910165b,press.solutions,resell,,,high,low,5,UM DOMAINS PTE. LTD,25/07/2026 15:15,25/07/2027 15:15,07/10/2026 11:24
9ead9932-1917-4ad0-92ba-895d59ee1c74,journalism.prof,premium,50.92,50.92,high,low,10,spaceship,,,30/09/2026 00:56
0d2d9604-8157-4c67-9c83-11124479a13a,press.solar,available,50.2,50.2,high,low,5,cloudflare,,,07/10/2026 11:24
b0585680-7023-4da6-b93d-e22aa3be2392,broadcast.new,available,412.2,412.2,high,low,9,spaceship,,,07/10/2026 17:00
1ef00551-65f5-4e2e-ad22-9cb20d9a4be5,press.claims,available,17.99,64.99,high,low,5,namesilo,,,07/10/2026 11:24
1e383dde-06dd-4a56-8ee1-8e1a0b27437f,press.shop,premium,1107,1107,high,low,5,namesilo,,,07/10/2026 11:24
4a3eb2ea-14d2-4b3d-8a81-a258c9e533e2,broadcast.forum,available,2.19,34.99,high,low,9,namesilo,,,07/10/2026 17:00
07e4b2ad-6a55-404a-96e4-0af849ae63ac,press.mobi,resell,,,high,low,5,"Sav.com, LLC - 38",29/06/2026 15:15,29/06/2027 15:15,07/10/2026 11:24
99cb90b6-cb6c-44b3-8cb4-04754f3aa1d4,press.rentals,premium,242,242,high,low,5,namesilo,,,07/10/2026 11:24
add1eb07-84b2-4936-86ea-9b673cc02ac9,broadcasting.porn,available,51.95,98.53,high,low,12,spaceship,,,28/09/2026 12:27
a94afd17-bd9f-4f93-94be-060b615ddafd,broadcast.cash,available,12.99,38.99,high,low,9,namesilo,,,07/10/2026 17:00
9b4267f0-08b8-4d7a-a56f-8190af4d85f9,broadcast.ventures,available,20.99,59.99,high,low,9,namesilo,,,07/10/2026 17:00
4708bc69-4b4f-44ce-a7e4-37a80706c36b,journalism.ai,resell,,,high,low,10,Dynadot Inc,03/03/2025 15:03,03/03/2031 15:03,30/09/2026 00:56
475aab99-f9a7-4f24-90fc-3640fa9c804d,radio.productions,premium,260,260,high,medium,5,namecheap,,,27/09/2026 09:31
0bbf67bb-a29d-4fc9-8c7a-5aef50edb2ed,journalism.events,available,9.52,36.43,high,low,10,spaceship,,,30/09/2026 00:56
12ddf2df-2c5f-474d-9935-9b3b4f8c7757,journalism.show,available,8.24,36.6,high,low,10,dynadot,,,30/09/2026 00:56
ed6bc3aa-b42a-460c-8c84-d1adb53a5b48,broadcast.sexy,available,2675.22,2675.22,high,low,9,dynadot,,,07/10/2026 17:00
7ef2769a-9be2-4514-8e60-6aedad0fd3b2,journalism.army,available,15.73,31.25,high,low,10,spaceship,,,30/09/2026 00:56
b6d8bd49-da21-469b-9b5c-d817a02e00fa,broadcast.quest,available,1.24,13.97,high,low,9,spaceship,,,07/10/2026 17:00
4d7b4cd4-5e41-4dae-89fb-1f221fdfd6c9,journalism.voyage,available,46.78,46.78,high,low,10,spaceship,,,30/09/2026 00:56
17d21198-bcbd-41dd-a5f0-f2fab3b78ee8,journalism.reisen,available,16.76,16.76,high,low,10,spaceship,,,30/09/2026 00:56
7545c05e-b6e9-4d3f-9e38-3243ff6edc7e,broadcasting.direct,available,17,,medium,low,12,unstoppable,,,28/09/2026 12:27
1f1f4fc9-05bc-4cbf-93fd-917af71fbe9e,newspaper.guitars,available,103.5,103.5,high,low,9,porkbun,,,30/09/2026 05:38
93146161-8769-4613-9c8f-84e6a131a6ee,broadcasting.careers,available,34.99,71.99,high,low,12,namesilo,,,28/09/2026 12:27
129796f9-fd28-47bd-af0e-570ac6f038de,press.careers,available,28.98,99.98,high,low,5,namecheap,,,07/10/2026 11:24
de6ad7e2-65b6-4ae3-83dc-990bec352d19,journalism.name,available,8.98,9.98,high,low,10,namecheap,,,30/09/2026 00:56
b7c3d9fd-9489-4db8-a6cf-3f843d49eff2,journalism.dental,available,60.2,60.2,high,low,10,cloudflare,,,30/09/2026 00:56
667fb0b6-3122-4f90-b7c6-782604cd2df0,broadcast.industries,premium,220,220,high,low,9,dynadot,,,07/10/2026 17:00
b85930b1-c570-482a-8cde-9933f6901e45,journalist.observer,available,9.78,9.78,high,low,10,porkbun,,,27/09/2026 12:59
247e14ad-c5d9-4300-a58e-da14e915e074,broadcast.kiwi,available,31.98,35.68,high,low,9,namecheap,,,07/10/2026 17:00
14f7a6da-4339-43ee-89ed-7a6feff4b64e,broadcasting.expert,available,10.99,62.49,medium,low,12,namesilo,,,28/09/2026 12:27
87d5f11f-4eec-4bec-a934-5f69f50af7a8,journalism.casa,available,1.5,10.92,high,low,10,dynadot,,,30/09/2026 00:56
dcbe0e25-5042-478c-a3c9-9e69fe6a162a,broadcast.watch,available,3,40.88,high,low,9,dynadot,,,07/10/2026 17:00
8493ae30-82e3-4ef0-b942-38e023f1c33e,journalism.cyou,premium,68.43,147.2,high,low,10,namesilo,,,30/09/2026 00:56
aee46598-3034-4a0a-8977-c9ce5bbeafbc,journalism.build,premium,1552.7,1552.7,high,low,10,spaceship,,,30/09/2026 00:56
613ec02a-4953-4fa6-9cf1-aac8268d0d6b,journalism.mba,available,11.98,49.98,high,low,10,namecheap,,,30/09/2026 00:56
c70e5fac-4656-4761-9d67-7ea701da7001,journalism.vana,available,2070.2,2070.2,high,low,10,spaceship,,,30/09/2026 00:56
a36839b3-75f0-4d20-9393-5410dfc40ba1,broadcast.immo,available,34.99,34.99,high,low,9,namesilo,,,07/10/2026 17:00
98d3e3be-e388-4ac3-8604-3cd8d24af216,press.lol,resell,,,high,low,5,Dynadot Inc,03/02/2026 00:15,03/02/2027 23:59,07/10/2026 11:24
9e49ffca-4b57-4fd1-9e5f-57a888a5bb35,broadcast.design,resell,,,high,low,9,Dynadot Inc,08/06/2026 15:53,08/06/2027 15:53,07/10/2026 17:00
5415c2e7-6bd7-42d9-956a-48cda3ee7c71,journalism.rocks,premium,99.5,118.8,high,low,10,unstoppable,,,30/09/2026 00:56
65eb1b18-3c85-40b3-a093-ba1627507800,press.lease,premium,102.67,102.67,high,low,5,spaceship,,,07/10/2026 11:24
1ed7bc6d-da56-433d-b30d-c3c03aa0be79,press.irish,available,5.98,35.48,high,low,5,namecheap,,,07/10/2026 11:24
b8a01eb9-cdfa-4dbc-9b1e-5921c3bf4ace,broadcast.lighting,available,23.99,23.99,high,low,9,namesilo,,,07/10/2026 17:00
7fb0c4d5-7959-4e9b-a067-89332c46b2a5,journalism.investments,available,12.99,129.99,high,low,10,namesilo,,,30/09/2026 00:56
f6a51694-732a-46d1-8d1d-6de479b12ff0,journalism.wedding,available,26.08,26.08,high,low,10,spaceship,,,30/09/2026 00:56
9fbfea83-65b3-4a15-9cab-cd9810161cfa,newspaper.photos,available,15.99,29.99,high,low,9,namesilo,,,30/09/2026 05:38
d8847a4f-7a10-4cf3-af8b-2555e8b07296,broadcast.tattoo,available,1.75,31.25,high,low,9,spaceship,,,07/10/2026 17:00
5044597b-d1ea-477c-90bf-e1d4b1a0a51c,press.ltda,premium,56.64,33.04,high,low,5,namesilo,,,07/10/2026 11:24
d34262e6-c6f5-4bb2-b07b-2ab5d0706741,press.how,premium,196.9,196.9,high,low,5,dynadot,,,07/10/2026 11:24
2ef6f61d-cc27-4b0a-a0ab-89d884e2ec93,broadcast.top,premium,360.31,360.31,high,low,9,namesilo,,,07/10/2026 17:00
d0f018aa-0fde-45d0-ad05-65f66c79d33c,broadcast.software,premium,414.2,414.2,high,low,9,spaceship,,,07/10/2026 17:00
53ed7e5d-46d6-48f9-b857-a6ef4d9b33c2,journalism.forex,available,10.55,83,high,low,10,spaceship,,,30/09/2026 00:56
27f32f15-d05f-43e8-93af-300dd294cf69,newspaper.soy,premium,86.9,86.9,high,low,9,dynadot,,,30/09/2026 05:38
d726cdc7-a3fc-4eb5-b6b7-9f65d4d69357,broadcast.degree,available,52.99,52.99,high,low,9,namesilo,,,07/10/2026 17:00
1f85c6c3-f9ae-4de7-8203-29647e4f07bd,broadcasting.villas,available,47.81,47.81,medium,low,12,spaceship,,,28/09/2026 12:27
b51fc684-8223-4df7-96da-11d95ace0b0b,journalism.best,available,1.68,18.88,high,low,10,spaceship,,,30/09/2026 00:56
5a20a909-5103-4329-8abf-145bf9fdb298,journalism.website,premium,650,1300,high,low,10,namecheap,,,30/09/2026 00:56
a9e0977f-bc16-49ce-9467-f6b588055ce1,journalism.irish,available,17.2,17.2,high,low,10,cloudflare,,,30/09/2026 00:56
fde62d2c-9508-4441-9e9c-deca4c9c1ebd,broadcasting.channel,available,10.55,10.55,high,low,12,spaceship,,,28/09/2026 12:27
16efac8d-b074-4b58-8679-9cd9e9c7ccc7,broadcast.tips,available,15.99,30.99,high,low,9,namesilo,,,07/10/2026 17:00
a2a55812-b06b-4c1b-9d38-5d37ebfed84d,journalism.at,resell,,,high,low,10,EWBCD GmbH ( https://nic.at/registrar/750 ),,,30/09/2026 00:56
4e3afa46-537b-440e-9990-03cc30034fe5,broadcast.dealer,premium,1604.45,2070.2,high,low,9,spaceship,,,07/10/2026 17:00
0c3492c0-56db-4e99-839e-5a032982ca82,broadcasting.feedback,available,300.2,300.2,medium,low,12,cloudflare,,,28/09/2026 12:27
00ac697f-7e3e-4bfa-b960-0a930fd9979e,press.tennis,available,51.95,51.95,high,low,5,spaceship,,,07/10/2026 11:24
4b806199-05f5-4e9e-9b9e-9984a3139156,broadcast.holiday,available,64.99,64.99,high,low,9,namesilo,,,07/10/2026 17:00
94fdff10-e40f-4416-865d-61b53ff164ba,journalism.repair,available,12.99,36.99,high,low,10,namesilo,,,30/09/2026 00:56
6e01e0ee-42d9-487a-84c8-479cc168378c,press.airforce,premium,828.2,828.2,high,low,5,spaceship,,,07/10/2026 11:24
e3f84dc0-a194-4b68-890c-93aff4e380e8,journalism.fishing,available,32.49,32.49,high,low,10,namesilo,,,30/09/2026 00:56
fce5a896-01ee-4172-9fb1-e6d44e8ac094,broadcast.reisen,available,3.99,20.99,high,low,9,namesilo,,,07/10/2026 17:00
c1ff78f8-d128-47f5-a527-8d9ae6d3567a,journalism.ag,available,77.98,77.98,high,low,10,porkbun,,,30/09/2026 00:56
f8c9e672-32ca-4b61-9491-c4a33cfae77f,press.london,premium,1411.56,31.31,high,low,5,namesilo,,,07/10/2026 11:24
207fba4e-5694-4ab7-a866-a0d8c5fcc1d2,press.paris,resell,51.98,,high,low,5,GoDaddy.com LLC,22/03/2026 11:51,22/03/2027 11:51,07/10/2026 11:24
8204aff0-70fb-4282-8f31-eb9808f3843b,broadcast.spot,premium,103.7,103.7,high,low,9,spaceship,,,07/10/2026 17:00
5a01768c-5e34-4660-b3d7-2c3a4036a549,journalism.ceo,premium,518.96,518.96,high,low,10,namecheap,,,30/09/2026 00:56
8ffa7398-9b21-4d84-abf0-9d1ed1aad791,broadcasting.bayern,available,34.37,34.37,high,low,12,dynadot,,,28/09/2026 12:27
ee08143c-ddab-4a0e-86d2-e3963b64757c,broadcasting.gripe,available,6.99,6.99,medium,low,12,namesilo,,,28/09/2026 12:27
92703596-39a6-4af9-a2fd-464d794126dd,press.engineer,premium,1107,1107,high,low,5,namesilo,,,07/10/2026 11:24
8c39c002-bcd3-456a-adb8-2fdc4696c8c9,broadcast.theater,available,67.98,80.98,high,low,9,namecheap,,,07/10/2026 17:00
56692751-55a2-4fb0-8e5f-ffbcf8d54ab3,newspaper.expert,available,6.69,49.95,high,low,9,porkbun,,,30/09/2026 05:38
d57d3ee6-2d69-4200-9af7-054869822b93,journalism.rsvp,premium,37.7,37.7,high,low,10,namecheap,,,30/09/2026 00:56
4326f115-5d6a-4eec-9890-e53906c5ec7d,journalism.band,available,24.2,24.2,high,low,10,cloudflare,,,30/09/2026 00:56
5604a54a-38cd-4b22-914f-2acf947a6768,journalism.ong,premium,65,32.5,high,low,10,namecheap,,,30/09/2026 00:56
ef67ebe6-d200-49d8-908f-04afd994a8a8,journalism.tax,available,8.24,54.07,high,low,10,porkbun,,,30/09/2026 00:56
0b39078d-d8d6-4640-aa12-62fb2d039102,newspaper.limo,available,43.67,43.67,high,low,9,spaceship,,,30/09/2026 05:38
b4bf6729-b92d-4647-aad4-f5c60a086ba9,broadcast.rsvp,premium,129.2,167.7,high,low,9,unstoppable,,,07/10/2026 17:00
3a281654-c051-435e-ad4c-1fa16ce3838d,press.construction,available,38.99,38.99,high,low,5,namesilo,,,07/10/2026 11:24
0c4776c5-e24c-4cff-a6ab-afb7896eaefe,press.porn,available,51.95,98.53,high,low,5,spaceship,,,07/10/2026 11:24
cb7fff23-5a05-42e4-9865-d96a3780ec0e,broadcasting.webcam,available,10.18,10.18,high,low,12,cloudflare,,,28/09/2026 12:27
3c1b6411-27e8-4c5d-abb2-0376a206d3db,journalism.soy,available,19.05,19.05,high,low,10,porkbun,,,30/09/2026 00:56
641af146-c05c-4e9f-a7c9-cea2d9feb244,journalism.rentals,available,6.41,35.39,high,low,10,spaceship,,,30/09/2026 00:56
7dc37b01-20e5-4e4e-8b50-4a1a5bba0485,press.bingo,available,53.99,53.99,high,low,5,namesilo,,,07/10/2026 11:24
856e8db2-effc-4cb9-8d57-fa97d721db7e,press.kids,premium,384,21.24,high,low,5,namesilo,,,07/10/2026 11:24
a043b133-1e2d-4711-adee-050675940482,broadcasting.mobile,available,15.73,15.73,medium,low,12,spaceship,,,28/09/2026 12:27
622a84a2-188b-4ed0-98b8-d0694866e575,journalism.fast,premium,53.92,53.92,high,low,10,namesilo,,,30/09/2026 00:56
2f831dc5-dd9f-4971-bcb7-fa93600373d6,journalism.cruises,available,8.24,44.8,high,low,10,porkbun,,,30/09/2026 00:56
c90257e8-53e9-494d-9c71-b1bd2c03bf75,journalism.shoes,available,31.25,51.95,high,low,10,spaceship,,,30/09/2026 00:56
0b79c1cc-5489-440e-87e8-3cd7a2195b8f,broadcasting.equipment,available,29.98,32.98,medium,low,12,namecheap,,,28/09/2026 12:27
87b8e39a-dd2d-4c49-95d3-2ff4d51d995a,press.club,resell,,,high,low,5,"GoDaddy.com, LLC",03/11/2023 21:02,03/01/2027 17:11,07/10/2026 11:24
161addc5-64e9-430f-b3e9-0677ff12cd77,newspaper.actor,available,34.2,34.2,high,low,9,cloudflare,,,30/09/2026 05:38
646a7cb5-0499-4631-a37e-18245ac0aa2e,journalism.xxx,available,95.2,95.2,high,low,10,cloudflare,,,30/09/2026 00:56
6b349b73-3697-4066-bfa8-8186e12907f0,journalism.dog,available,50.2,50.2,high,low,10,cloudflare,,,30/09/2026 00:56
982ef2b3-ce7b-4901-8807-0bf9e171015e,publishing.press,premium,6900,6900,high,low,10,namesilo,,,28/09/2026 06:38
17138459-0139-4b01-a935-9d613855cc1e,broadcast.clinic,available,20.99,64.99,high,low,9,namesilo,,,07/10/2026 17:00
8c4f9462-ca21-41e7-92da-156c7d1e1bf9,broadcast.fish,available,44.49,44.49,high,low,9,namesilo,,,07/10/2026 17:00
bb5f8d8f-d020-4d21-817b-5b4f1d597de9,broadcast.sbs,premium,59.71,119.23,high,low,9,spaceship,,,07/10/2026 17:00
a8636b3f-d206-4072-bb4f-a98bd5f29b0b,broadcast.buzz,premium,116,53.92,high,low,9,namesilo,,,07/10/2026 17:00
c581717b-9c94-447d-860e-e5968f62156d,broadcasting.rentals,available,6.98,56.98,medium,low,12,namecheap,,,28/09/2026 12:27
3fa2a7f9-12c3-460e-a035-0e9dec096156,newspaper.business,premium,,,high,low,9,"GoDaddy.com, LLC",10/12/2014 16:19,10/12/2026 16:19,30/09/2026 05:38
89ab95f6-d410-43e1-aa29-26a1bd71db53,broadcast.attorney,available,62.99,62.99,high,low,9,namesilo,,,07/10/2026 17:00
dd736a20-3a17-468c-a5dc-fb07939646b1,journalism.world,resell,,,high,low,10,Squarespace Domains II LLC,27/02/2021 06:13,27/02/2027 06:13,30/09/2026 00:56
60f8946c-f991-4188-ab7b-7cf806a31b60,journalism.diet,available,108.98,159.98,high,low,10,namecheap,,,30/09/2026 00:56
c98f025b-967b-4ad2-bd42-4cad3278c564,journalism.tel,available,10.62,10.62,high,low,10,namesilo,,,30/09/2026 00:56
37b9b3b1-d0ad-4822-80d6-106dd2007d55,broadcasting.mobi,available,40.2,40.2,medium,low,12,cloudflare,,,28/09/2026 12:27
bfebb2c9-b923-43d9-ae37-2e788309cd20,broadcast.tennis,available,51.95,51.95,high,low,9,spaceship,,,07/10/2026 17:00
439eaf2b-c87b-4cac-b090-740cee103348,press.bayern,available,34.99,34.99,high,low,5,namesilo,,,07/10/2026 11:24
9fc0b23f-4882-40f9-a4c8-b1d813eb0719,broadcasting.tel,available,9.49,9.49,high,low,12,spaceship,,,28/09/2026 12:27
c356241d-1697-473d-bafd-f4cb9fc6b082,journalist.so,available,,,high,high,10,,,,
7aa6fd9e-350a-4900-bf98-37f936e323f0,broadcast.business,available,3.31,15.73,high,low,9,spaceship,,,07/10/2026 17:00
6bb6ebf4-19b2-4fea-b7f4-e193e5a3a862,broadcasting.graphics,available,23.99,23.99,medium,low,12,namesilo,,,28/09/2026 12:27
3404892a-aae2-453e-872c-88064f230ba6,broadcast.forex,available,10.55,83,high,low,9,spaceship,,,07/10/2026 17:00
1ddf36db-af13-4ea6-8ddf-22d289095e6a,broadcasting.properties,available,18.99,39.99,medium,low,12,namesilo,,,28/09/2026 12:27
2d6de692-f3b3-42fc-9c5c-ba71af1bbf87,editor.productions,available,10.99,40.49,high,low,6,namesilo,,,25/09/2026 05:10
43fb2f06-2558-4570-8576-397dbb2f62cc,press.rodeo,available,12.99,12.99,high,low,5,namesilo,,,07/10/2026 11:24
0812fd32-717a-4e8d-ad8e-f025e1d9c56f,television.store,premium,6900,6900,high,low,10,namesilo,,,08/10/2026 21:58
1029dae9-836f-40ed-99f8-068b7e109cce,press.style,premium,,,high,low,5,,,,07/10/2026 11:24
6dcaf303-82ed-4bde-a7d0-3b6a32b9186a,press.furniture,available,27.99,94.99,high,low,5,namesilo,,,07/10/2026 11:24
5aa69a89-871b-466d-b695-fd40918e3ed8,newspaper.desi,available,19.98,22.98,high,low,9,namecheap,,,30/09/2026 05:38
5fecefe0-d173-46cf-ae7e-a047af597a3b,journalist.fun,premium,,,high,low,10,,,,27/09/2026 12:59
f41da8a5-6257-4d60-aacd-ee6e42b7d0db,journalism.dad,premium,37.7,37.7,high,low,10,namecheap,,,30/09/2026 00:56
2402355c-5565-4c06-90b4-0c91d93c1060,broadcasting.engineer,available,31.25,31.25,medium,low,12,spaceship,,,28/09/2026 12:27
1108d26e-9540-49db-9b77-5831532dd539,broadcasting.gifts,available,38.48,47.48,medium,low,12,namecheap,,,28/09/2026 12:27
a887bda1-6c21-4ad6-ba21-32a7ae6b3ef3,television.club,premium,2587.7,15.73,high,low,10,spaceship,,,08/10/2026 21:58
cc9172ab-4edd-42c6-8f4c-67a310135aa7,broadcasting.soccer,available,10.92,21.62,medium,low,12,dynadot,,,28/09/2026 12:27
8ad20c37-506c-4863-a01f-66572ca2197c,broadcasting.university,available,62.99,62.99,medium,low,12,namesilo,,,28/09/2026 12:27
92a83efa-633f-4edb-b10c-175679b3534f,newspaper.blackfriday,available,107.22,107.22,high,low,9,dynadot,,,30/09/2026 05:38
62049670-8664-4198-952c-c1e36f931b81,broadcast.futbol,available,13.2,13.2,high,low,9,cloudflare,,,07/10/2026 17:00
4667c7bd-8aa1-437a-be5a-543bf9bbb651,newspaper.moe,premium,640,14.16,high,low,9,namesilo,,,30/09/2026 05:38
6ae113d4-dd0b-42de-847a-b94cf158024f,television.estate,available,8.24,36.6,high,low,10,dynadot,,,08/10/2026 21:58
726a8f12-d004-4373-a30c-f008dc855040,radio.mov,premium,648.7,648.7,high,medium,5,namecheap,,,27/09/2026 09:31
5c430fa4-a509-44a8-9cf9-7bafb56b6eb4,broadcasting.diy,available,5.49,39.99,medium,low,12,namesilo,,,28/09/2026 12:27
0d1f8d06-1808-4027-9234-508f576516d6,journalist.mov,premium,,,high,low,10,,,,27/09/2026 12:59
1613ec0b-db61-40e2-ae7b-405041300c7f,journalism.ski,available,21.62,53.72,high,low,10,dynadot,,,30/09/2026 00:56
6b3d8aa6-7e13-4c1a-b831-3d844bdcea9c,press.mom,resell,1.99,,high,low,5,"Global Domains International, Inc. DBA DomainCostClub.com",28/03/2026 15:27,28/03/2027 23:59,07/10/2026 11:24
1bf8d2b8-bdc4-4c09-92d8-65b727ec8355,journalism.onl,available,18.2,18.2,high,low,10,cloudflare,,,30/09/2026 00:56
e9038110-5d38-407d-acb0-6cf0c0c292e7,broadcast.singles,available,9,27.11,high,low,9,unstoppable,,,07/10/2026 17:00
211dd4e1-9238-4162-a4e8-125959b89774,journalism.gold,available,9.99,99.99,high,low,10,namesilo,,,30/09/2026 00:56
acaef640-877e-45bd-9e3b-3deefb6a6d08,journalism.country,available,2140.22,2140.22,high,low,10,dynadot,,,30/09/2026 00:56
783c2704-9458-4204-bbb7-1b6592465066,broadcast.website,premium,116,116,high,low,9,namesilo,,,07/10/2026 17:00
242f51a5-825f-4402-bb0d-2ea09f43bca5,editor.icu,premium,384,768,high,low,6,namesilo,,,25/09/2026 05:10
563005fc-2b43-4254-a1ad-784215d83aa4,broadcasting.repair,available,12.99,36.99,medium,low,12,namesilo,,,28/09/2026 12:27
e2cbeecd-09a4-4468-9f82-3d58031a2fc3,journalism.surgery,available,43.77,43.77,high,low,10,porkbun,,,30/09/2026 00:56
b42010e0-93c3-4325-ab77-bf5590211fbc,journalist.me,resell,,,high,low,10,Dynadot Inc,17/07/2008 15:22,17/07/2027 15:22,27/09/2026 12:59
95b838e6-931a-47ba-a86b-8fa9a744e804,press.credit,available,8.48,83,high,low,5,spaceship,,,07/10/2026 11:24
32e2c3c7-36e1-4ce4-b768-0c155a85212b,television.engineering,available,50.2,50.2,high,low,10,cloudflare,,,08/10/2026 21:58
5ecefd09-bf87-4668-8dd0-55f6d8b121a0,newspaper.associates,available,17.5,,high,low,9,unstoppable,,,30/09/2026 05:38
48de96fb-4cfd-4b10-a27d-8df72172221c,broadcast.auto,available,1999.99,2199,high,low,9,namesilo,,,07/10/2026 17:00
d07f4aeb-2a2d-4995-a9c2-4165be8f87a6,editor.sex,available,69.98,154.98,high,low,6,namecheap,,,25/09/2026 05:10
471404ff-fc04-44ad-892b-7ad9ac0a51dd,press.miami,premium,5520,21.24,high,low,5,namesilo,,,07/10/2026 11:24
d9283021-a31a-4011-a4e1-cb881c016438,press.boutique,premium,68.51,68.51,high,low,5,spaceship,,,07/10/2026 11:24
c1815b9d-2ccf-480f-ab87-e90c28efc62b,press.healthcare,available,70.58,70.58,high,low,5,spaceship,,,07/10/2026 11:24
e3b7cc3b-dec3-4498-b170-149ea8de6135,television.pink,premium,68.51,68.51,high,low,10,spaceship,,,08/10/2026 21:58
4826e233-ea18-41fe-8a5a-3ba4927f1d6f,journalist.gg,available,51.8,51.8,high,low,10,porkbun,,,27/09/2026 12:59
87604e2f-4849-4fd4-9647-6ef26ee54bed,editor.hair,available,1.99,17.29,high,low,6,namesilo,,,25/09/2026 05:10
b518868e-686f-4924-aaa6-2b48f20a9ab0,radio.gg,resell,,,high,medium,5,Dynadot Inc. (https://www.dynadot.com),,,27/09/2026 09:31
54fa39d9-e8d8-46d9-827d-56cbc29cd963,broadcasting.consulting,available,7.45,43.67,medium,low,12,spaceship,,,28/09/2026 12:27
96af5aa2-541d-429a-a63a-67cd76affc4f,television.cyou,premium,59.71,119.23,high,low,10,spaceship,,,08/10/2026 21:58
32866e04-e23f-477d-b6c7-5b68fb9b9eb2,broadcast.deal,premium,130,130,high,low,9,namecheap,,,07/10/2026 17:00
4524fec3-2576-4395-80f0-8054368caf35,newspaper.deal,premium,116,116,high,low,9,namesilo,,,30/09/2026 05:38
8c9fdb7e-7afd-4ed2-b070-f73db60fdf67,newspaper.pw,premium,3450,3450,high,low,9,namesilo,,,30/09/2026 05:38
f07eabb8-351c-4905-b21a-d19a78ebe5b1,broadcasting.solutions,available,10.5,,medium,low,12,unstoppable,,,28/09/2026 12:27
51687923-fd83-4752-96ec-1c814d3ec945,newspaper.realty,available,280.2,280.2,high,low,9,cloudflare,,,30/09/2026 05:38
bf29ddc2-36f1-48ac-9f81-416417ab0872,television.football,premium,108.9,108.9,high,low,10,dynadot,,,08/10/2026 21:58
815e68fb-bf77-4c28-a808-5f80bf18f1e6,press.toys,available,13.14,51.95,high,low,5,spaceship,,,07/10/2026 11:24
674f2a8b-de3b-4bf7-8c55-2353754e12e0,broadcast.haus,available,14.99,33.99,high,low,9,namesilo,,,07/10/2026 17:00
8e517bc4-0e78-4bad-99b2-eb0970c8ffa2,magazine.ninja,available,15.99,30.99,high,low,8,namesilo,,,25/09/2026 04:04
62523dd0-9a07-4e27-a839-6eabce145f75,newspaper.mba,available,10.88,32.21,high,low,9,dynadot,,,30/09/2026 05:38
3ba93dfa-00a0-48df-9587-5a8a886d8f29,broadcast.poker,available,10.99,67.99,high,low,9,namesilo,,,07/10/2026 17:00
2076b3a5-3523-4e5b-b4df-819e73a97d93,press.loans,available,15.73,93.35,high,low,5,spaceship,,,07/10/2026 11:24
319e93a2-e388-44e4-aaf8-4c934b04208b,television.audio,available,107.22,107.22,high,low,10,dynadot,,,08/10/2026 21:58
625abb53-b138-4d18-8ffa-0c27ab237dcd,newspaper.talk,premium,156,156,high,low,9,namecheap,,,30/09/2026 05:38
137a434a-8f0c-49d8-8bba-0816cc80b1f6,television.forsale,premium,414.2,414.2,high,low,10,spaceship,,,08/10/2026 21:58
d4c84fac-4fe7-4672-b7bb-3843c8253236,journalism.theater,available,51.95,51.95,high,low,10,spaceship,,,30/09/2026 00:56
5ad4309e-47dd-478a-89fb-1caf681692f5,press.trade,resell,,,high,low,5,"Spaceship, Inc.",29/07/2019 13:14,29/07/2027 13:14,07/10/2026 11:24
eb387a7a-0070-4ea9-a4e7-d96074156714,newspaper.graphics,available,23.99,23.99,high,low,9,namesilo,,,30/09/2026 05:38
06e31b7f-0f08-420b-9845-b1180bcc631b,journalism.security,available,1863.2,2000.18,high,low,10,spaceship,,,30/09/2026 00:56
50697201-75a8-4f43-a240-28e08337300f,broadcast.equipment,premium,128.7,128.7,high,low,9,namecheap,,,07/10/2026 17:00
6d0e301c-d4b7-41ee-9871-19758e9692d5,journalism.ink,available,1.75,26.08,high,low,10,spaceship,,,30/09/2026 00:56
fe8aa5f3-76e7-427e-a445-2dc3d87c85b6,television.poker,available,5.38,54.02,high,low,10,spaceship,,,08/10/2026 21:58
4712e3d0-dc5c-46f8-bfb0-15e595f30abc,journalist.fyi,resell,,,high,low,10,,,,27/09/2026 12:59
7b8392e6-3500-4376-baa5-04fe40c5546d,broadcasting.audio,available,100.2,100.2,high,low,12,cloudflare,,,28/09/2026 12:27
ff562959-6018-4c8b-8214-e69210285530,journalism.theatre,available,465.95,500.18,high,low,10,spaceship,,,30/09/2026 00:56
c5c50b36-ce7f-4182-9fe2-654c3e502533,broadcasting.life,resell,,,medium,low,12,,,,28/09/2026 12:27
367814a3-9a98-4622-a4b6-e1403cca78c0,journalism.mom,available,1.8,45.98,high,low,10,namecheap,,,30/09/2026 00:56
d08aae2e-86df-4eb7-8db8-e41f3928e4d6,editor.online,premium,6900,6900,high,low,6,namesilo,,,25/09/2026 05:10
20ea1a35-636d-4f4c-814c-d903dfaa2d8e,broadcasting.coupons,available,2.27,43.67,medium,low,12,spaceship,,,28/09/2026 12:27
06b752e2-65ff-4703-b0c5-f03a797cfefa,broadcast.fast,premium,53.92,53.92,high,low,9,namesilo,,,07/10/2026 17:00
56929697-fc8f-4401-bc37-f79ba536a0ec,newspaper.beer,available,2.19,32.49,high,low,9,namesilo,,,30/09/2026 05:38
47df69f7-8d30-45ee-b59c-e11e04ffc82e,television.construction,available,30.2,30.2,high,low,10,cloudflare,,,08/10/2026 21:58
8fbc3e17-cdf8-40d0-941d-33fd17b066c9,broadcast.trading,available,19.48,19.48,high,low,9,dynadot,,,07/10/2026 17:00
6deb6e17-3986-4fe1-8180-40bb11fe93e6,radio.site,premium,6900,6900,high,medium,5,namesilo,,,27/09/2026 09:31
a165c416-a54b-450a-ae12-0c7dc6e599de,broadcast.adult,resell,,,high,low,9,"Name.com, Inc.",09/06/2017 14:31,09/06/2027 14:31,07/10/2026 17:00
b736102d-8d1e-4f00-85a1-956db63a8772,television.network,premium,512,512,high,low,10,namesilo,,,08/10/2026 21:58
2eefacc7-12eb-4948-a358-f7f4d5d9fbc5,television.broker,available,28.2,28.2,high,low,10,cloudflare,,,08/10/2026 21:58
172c3524-999e-4235-9a25-5e9c2f31b6a4,press.catering,premium,118.8,118.8,high,low,5,namesilo,,,07/10/2026 11:24
ae142b37-97cf-4514-85d5-55cff2966bdc,newspaper.host,premium,2729.67,5458.82,high,low,9,porkbun,,,30/09/2026 05:38
38a5ae0d-494d-4299-8c94-f33915bb2101,newspaper.vote,available,34.99,90.99,high,low,9,namesilo,,,30/09/2026 05:38
2b7b8db8-f8d9-4f53-a34e-13dcc134c694,broadcasting.fun,premium,500.2,,high,low,12,unstoppable,,,28/09/2026 12:27
f59b3533-cd5e-4810-8b5b-206ea1b8f774,broadcasting.lifestyle,available,5.49,39.99,medium,low,12,namesilo,,,28/09/2026 12:27
55f28bcd-453a-4e69-b02c-d066fbe6ca0d,journalism.protection,available,2060.25,2060.25,high,low,10,porkbun,,,30/09/2026 00:56
a84dccfd-479c-4cde-aaed-351102d4752a,broadcasting.food,available,4.35,31.25,medium,low,12,spaceship,,,28/09/2026 12:27
b9d053eb-37cf-471e-8c02-e1860fff0b95,editor.sarl,available,6.99,6.99,high,low,6,namesilo,,,25/09/2026 05:10
1a1a5ec3-6503-49bb-bf75-c7ae3af89b72,television.link,premium,960,960,high,low,10,namesilo,,,08/10/2026 21:58
165dbbf3-cecc-4196-8d73-4a39857d7650,television.vodka,available,33.98,43.98,high,low,10,namecheap,,,08/10/2026 21:58
02df272a-3719-414c-942b-e20dfbdf5066,television.science,premium,640,77.35,high,low,10,namesilo,,,08/10/2026 21:58
b06c292d-25dc-40c9-b577-c5dc196ce119,journalism.limo,available,10.81,43.77,high,low,10,porkbun,,,30/09/2026 00:56
bbac3d96-d707-405c-a59d-6170be277c12,television.diamonds,available,54.99,54.99,high,low,10,namesilo,,,08/10/2026 21:58
3a17d3b7-8958-43c9-8dbf-153043a56a15,television.band,premium,78.54,78.54,high,low,10,namesilo,,,08/10/2026 21:58
704650f1-ab3a-4d0c-a3e7-b1547f9051d9,broadcasting.cash,available,12.99,38.99,medium,low,12,namesilo,,,28/09/2026 12:27
e346e02d-5905-4f04-8f63-5c299ac17bcb,newspaper.security,available,2060.25,2060.25,high,low,9,porkbun,,,30/09/2026 05:38
e2eec47d-55ef-4962-80a7-e1084a32b772,press.realty,available,88.18,289.16,high,low,5,spaceship,,,07/10/2026 11:24
715a6db9-3ede-4797-8607-7048fabba599,television.ag,available,89.99,79.99,high,low,10,namesilo,,,08/10/2026 21:58
d27f0f0f-5f42-42c3-9fd4-8aa8c226a011,broadcasting.cv,available,7.98,7.98,medium,low,12,spaceship,,,28/09/2026 12:27
ac2b12c8-aeba-4b62-8fe4-3c23dc2dc942,journalism.meme,premium,65,65,high,low,10,namecheap,,,30/09/2026 00:56
106726da-7c10-480f-9a2e-bd1f5b56d754,broadcasting.training,available,32.2,32.2,medium,low,12,cloudflare,,,28/09/2026 12:27
fd9c5eea-74a7-485c-8255-c43e5695aff9,radio.cam,premium,1950,18.2,high,medium,5,namecheap,,,27/09/2026 09:31
b8a838bc-c8e3-4b40-a4c9-e491e6d6582a,press.promo,premium,1035.2,1035.2,high,low,5,spaceship,,,07/10/2026 11:24
1fc4f307-09a2-4c67-9fab-c969a918a5d8,newspaper.ceo,premium,206.17,206.17,high,low,9,spaceship,,,30/09/2026 05:38
18e030d3-b587-4dde-90a6-74ec9b37e66d,article.ninja,available,15.99,30.99,high,low,7,namesilo,,,20/09/2026 11:12
b79c0266-0865-44e0-b029-fc84e62fb833,broadcasting.poker,available,5.38,54.02,medium,low,12,spaceship,,,28/09/2026 12:27
289fe33e-7019-4b04-8374-6da21b76cef8,broadcast.hair,available,1.24,13.97,high,low,9,spaceship,,,07/10/2026 17:00
45c2d146-f1f1-48e2-995f-6655cf74ec8f,newspaper.rehab,available,28.2,28.2,high,low,9,cloudflare,,,30/09/2026 05:38
110656e2-b753-4871-a7b2-b95d0a770bea,broadcast.maison,available,57.99,57.99,high,low,9,namesilo,,,07/10/2026 17:00
cce6b00c-1ade-4b69-a781-c75c3472927d,broadcast.moe,premium,640,14.16,high,low,9,namesilo,,,07/10/2026 17:00
83d61760-7c06-4f30-8f5f-db6cb5bbc33d,journalism.auto,available,1863.2,2064.2,high,low,10,spaceship,,,30/09/2026 00:56
fbdf42bf-69e0-4b98-836b-f4f37aaba9d7,journalism.supply,available,25.99,25.99,high,low,10,namesilo,,,30/09/2026 00:56
222e2963-74f6-4efe-953f-ef0c5c070e29,journalism.wiki,resell,,,high,low,10,IONOS SE,27/05/2014 13:00,27/05/2027 23:59,30/09/2026 00:56
ce2591f6-8129-46b9-9746-132b6e3b7f3e,content.site,premium,3450,3450,high,medium,7,namesilo,,,08/10/2026 08:19
20e6002d-9cf1-458b-b602-d6dc195721d7,broadcasting.solar,available,51.95,51.95,medium,low,12,spaceship,,,28/09/2026 12:27
507f07fb-c677-41aa-a16c-069fc9518fd4,editor.football,available,25.99,25.99,high,low,6,namesilo,,,25/09/2026 05:10
b446d327-e84a-4337-8ff4-6d8bc89269c9,broadcast.shopping,available,26.99,26.99,high,low,9,namesilo,,,07/10/2026 17:00
38877a67-9ac4-4dc9-b786-4d1ef4a1906f,broadcast.taxi,available,48.2,48.2,high,low,9,cloudflare,,,07/10/2026 17:00
0a44eef5-0104-48be-9241-fcf0e00cb8b2,film.blog,premium,13645.16,54583.43,high,low,4,porkbun,,,07/10/2026 04:51
d97deb90-b980-4f1b-aada-bf21f3dba1d3,television.fm,available,88.99,88.99,high,low,10,namesilo,,,08/10/2026 21:58
68cc6ded-913e-48f5-b248-9f0a090de5cb,television.industries,premium,118.8,118.8,high,low,10,namesilo,,,08/10/2026 21:58
e695a32a-a083-4f20-8a8e-599c4ada55cd,television.pub,available,37.32,37.32,high,low,10,dynadot,,,08/10/2026 21:58
9ef44a75-017b-4491-8cb6-f1696de3b376,press.tours,available,10.99,61.99,high,low,5,namesilo,,,07/10/2026 11:24
abc1948b-627d-4b9c-8efb-ad4a1a86c361,broadcasting.codes,available,3.31,57.13,high,low,12,spaceship,,,28/09/2026 12:27
f3c81975-0aca-493c-abda-c03adada6f7a,broadcasting.exchange,available,6.1,32.21,medium,low,12,dynadot,,,28/09/2026 12:27
e8421d15-a684-4674-8bf8-d19bbd0c3ffd,editor.channel,premium,648.7,648.7,high,low,6,namecheap,,,25/09/2026 05:10
2b91666a-9c5c-468e-93d5-88c53d4dc574,editor.luxe,available,19.49,19.49,high,low,6,namesilo,,,25/09/2026 05:10
f62a3dec-32d1-454d-b72e-67cef58d03a2,editor.pet,available,14.49,27.59,high,low,6,namesilo,,,25/09/2026 05:10
b74ee480-249a-4a75-87a3-2f9e05c2797e,broadcasting.cab,available,32.99,32.99,medium,low,12,namesilo,,,28/09/2026 12:27
afa3f099-1ed4-4319-97d1-af9ee41be4fa,content.press,premium,6900,6900,high,medium,7,namesilo,,,08/10/2026 08:19
9604b8fc-7bcf-4e9a-a155-7b1f785a0044,editor.gifts,available,36.99,36.99,high,low,6,namesilo,,,25/09/2026 05:10
2231b9c0-69ab-426a-a878-d6a81f0f1c0c,journalist.buzz,premium,116,53.92,high,low,10,namesilo,,,27/09/2026 12:59
97cfb489-5b12-495c-a17b-969720701b12,broadcasting.gg,resell,,,high,low,12,,,,28/09/2026 12:27
0986f65a-4905-4143-b2de-04d3e5f6079a,editor.vin,available,8.99,59.99,high,low,6,namesilo,,,25/09/2026 05:10
9094a9cb-21ba-455b-be17-86e88d53858f,broadcasting.care,available,20.99,44.49,medium,low,12,namesilo,,,28/09/2026 12:27
405642e3-d39e-438d-a77b-b93dc3384c94,television.training,available,32.2,32.2,high,low,10,cloudflare,,,08/10/2026 21:58
2d9a55f8-8b42-48ce-8070-f9d684691a7a,press.ink,premium,672.95,672.95,high,low,5,spaceship,,,07/10/2026 11:24
aee2ae15-0601-4ab6-b594-868f9f1fc1b1,television.rodeo,available,10.58,10.58,high,low,10,spaceship,,,08/10/2026 21:58
c6bb7b6a-7c37-4ad6-ba3b-790163d922b6,press.church,resell,,,high,low,5,"Name.com, Inc.",11/04/2017 13:45,11/04/2027 13:45,07/10/2026 11:24
f38b9ea3-8767-4d7b-871d-599d2c7bc2a5,newspaper.family,premium,2500.5,,high,low,9,unstoppable,,,30/09/2026 05:38
66bc4f3c-81cd-448a-b1d3-5e198e39a29f,television.money,available,10.92,32.32,high,low,10,dynadot,,,08/10/2026 21:58
b4460b25-8b5b-40a5-b2c9-8d1fb8ded392,newspaper.webcam,available,11.99,11.99,high,low,9,namesilo,,,30/09/2026 05:38
1d789e06-cd43-449a-a4b5-50609a57b8e6,journalism.review,premium,1035.2,103.7,high,low,10,spaceship,,,30/09/2026 00:56
cf7b0891-48be-494e-9cfb-366e9eea9a15,press.store,premium,13800,13800,high,low,5,namesilo,,,07/10/2026 11:24
d13ce069-b56f-4607-992f-acea327f553b,newspaper.attorney,premium,440,440,high,low,9,dynadot,,,30/09/2026 05:38
21bd3fe3-225a-47ba-8964-cbb35c60333b,press.town,premium,78.54,78.54,high,low,5,namesilo,,,07/10/2026 11:24
237be9e5-9802-415c-9cf5-f0c7a02f2ab0,newspaper.cafe,available,5.98,64.98,high,low,9,namecheap,,,30/09/2026 05:38
09ceb9c5-8923-4d59-bd27-84febaaef68f,television.vacations,available,31.25,31.25,high,low,10,spaceship,,,08/10/2026 21:58
756b954c-145c-4119-b798-c2e1931a2e93,newspaper.charity,available,14.99,23.99,high,low,9,namesilo,,,30/09/2026 05:38
b0a5c3e8-84a2-4ecb-8cd4-a50443753f68,broadcasting.digital,premium,34.36,68.51,high,low,12,spaceship,,,28/09/2026 12:27
e8df951d-642e-4ff9-b0c6-64a362f45116,television.reise,available,27.89,97.99,high,low,10,namesilo,,,08/10/2026 21:58
81d64988-6013-4c7a-aabf-e811c47335ab,broadcasting.top,available,1.88,4.88,medium,low,12,namesilo,,,28/09/2026 12:27
41ed2972-f597-431c-9f86-d01529441500,editor.schule,available,29.98,32.98,high,low,6,namecheap,,,25/09/2026 05:10
95a61760-f20c-41c9-b327-1d8dc844df2a,broadcasting.wedding,available,32.49,32.49,medium,low,12,namesilo,,,28/09/2026 12:27
ed9de6eb-53ec-424a-8ac3-8e02ca6712ab,broadcast.solar,available,51.95,51.95,high,low,9,spaceship,,,07/10/2026 17:00
9b0cd7c5-5f48-4688-bccc-613fc4ab561d,press.properties,premium,260,260,high,low,5,namecheap,,,07/10/2026 11:24
d1237703-15df-4d17-a7ba-d335773d1096,newspaper.mx,available,30.7,30.7,high,low,9,cloudflare,,,30/09/2026 05:38
9fbb9f1c-2745-4e2f-ad21-42349b057259,press.taxi,available,7.96,49.88,high,low,5,spaceship,,,07/10/2026 11:24
a42eb3a2-bdfd-4776-be0d-e9517d85bc76,press.limited,premium,68.51,68.51,high,low,5,spaceship,,,07/10/2026 11:24
b18c6d11-6b9c-4e9b-b461-a92856855a13,broadcasting.insure,available,72.99,72.99,high,low,12,namesilo,,,28/09/2026 12:27
dc8b7190-abaf-4154-be1b-93efc9760800,editor.world,resell,,,high,low,6,Squarespace Domains II LLC,05/04/2017 22:51,05/04/2027 22:51,26/09/2026 05:45
0b7e97fa-ea92-4f10-b569-a6df757190e0,broadcast.florist,available,26.08,26.08,high,low,9,spaceship,,,07/10/2026 17:00
f6bdef47-55fc-456b-8b47-848ebf2d0263,newspaper.international,available,8.48,25.04,high,low,9,spaceship,,,30/09/2026 05:38
c4e1a935-b948-4df9-85ac-fbe9b4de1753,editor.vet,available,41.99,41.99,high,low,6,namesilo,,,25/09/2026 05:10
0774ed98-ed9b-414b-889d-45be78ca2c2f,publish.observer,premium,,,high,low,7,,,,28/09/2026 06:03
82c2077f-cd03-4194-9480-f26c78a9d52b,journalism.cloud,resell,,,high,low,10,IONOS SE,16/02/2016 15:06,16/02/2027 15:06,30/09/2026 00:56
3eb70607-cd94-4e34-aebe-617dd435bbf3,newspaper.luxe,available,19.49,19.49,high,low,9,namesilo,,,30/09/2026 05:38
1c956a85-5518-4cb9-ab79-1354b509e30e,broadcasting.boats,available,1.99,17.29,medium,low,12,namesilo,,,28/09/2026 12:27
9fbe7a88-dbe2-406a-abdd-0219119e5381,broadcasting.show,available,14.17,35.39,high,low,12,spaceship,,,28/09/2026 12:27
ec1bb922-72a1-4bfc-b965-c3d22e74320d,journalism.pink,available,13.5,,high,low,10,unstoppable,,,30/09/2026 00:56
20f032d8-078d-4dab-a9eb-eee915aad74e,journalism.vodka,available,26.08,26.08,high,low,10,spaceship,,,30/09/2026 00:56
f994c950-5775-403a-aef2-82f88ada3386,television.download,premium,2587.7,103.7,high,low,10,spaceship,,,08/10/2026 21:58
3c109084-e4d9-4f86-8441-54ee919d51fe,broadcast.soccer,available,25.99,25.99,high,low,9,namesilo,,,07/10/2026 17:00
edbdd56b-3fff-4373-823e-35af5fed1cbf,television.camp,available,49.88,49.88,high,low,10,spaceship,,,08/10/2026 21:58
cc6aa627-dd88-4f2c-8ad5-332c379f7c79,broadcast.cam,premium,1995,16.52,high,low,9,namesilo,,,07/10/2026 17:00
ba998fbd-e40e-46af-9e96-92dc02e1799e,television.inc,premium,1604.45,2070.2,high,low,10,spaceship,,,08/10/2026 21:58
3fec2a8d-5ef1-4167-8fc7-ca10727efbf4,journalism.center,available,25.2,25.2,high,low,10,cloudflare,,,30/09/2026 00:56
b683b353-5771-4649-b7ee-25172f555a0a,journalism.clothing,available,32.99,32.99,high,low,10,namesilo,,,30/09/2026 00:56
c0620c8d-0e53-44cd-bf08-0ad1644c832d,television.lawyer,premium,828.2,828.2,high,low,10,spaceship,,,08/10/2026 21:58
c6e79adc-a9a4-4257-9cec-57fd4c9d0e19,editor.blackfriday,available,114.99,114.99,high,low,6,namesilo,,,25/09/2026 05:10
66d53a5e-2d57-4096-9122-4ab9d3bba5da,broadcasting.day,available,14,,high,low,12,unstoppable,,,28/09/2026 12:27
0b556409-0a1e-48a4-8a93-54e9b54f3bc9,journalism.fitness,available,8.99,41.99,high,low,10,namesilo,,,30/09/2026 00:56
5925a0e5-967e-473d-819c-eeeea3fe561a,journalism.phd,premium,50.92,50.92,high,low,10,spaceship,,,30/09/2026 00:56
d429fce0-65af-4141-aeee-ba72096f8371,broadcasting.hosting,available,279.65,341.75,medium,low,12,spaceship,,,28/09/2026 12:27
6872a713-fbb4-4d16-8450-550dbe122c70,journalism.sh,available,39.99,47.99,high,low,10,namesilo,,,30/09/2026 00:56
2dd4f5df-e0a9-4031-9153-8ca836c47da0,press.yoga,available,26.97,26.97,high,low,5,dynadot,,,07/10/2026 11:24
9370c41f-d569-4ae5-9d8c-fa6cc6ec8108,editor.education,premium,118.8,118.8,high,low,6,namesilo,,,25/09/2026 05:10
0ac2d57e-06d9-4477-9f7b-dbf267ccd5a7,broadcasting.bot,premium,517.7,517.7,high,low,12,spaceship,,,28/09/2026 12:27
7f9b64f0-5b01-4deb-b1fc-a69ff1d609e5,television.memorial,available,106.15,106.15,high,low,10,dynadot,,,08/10/2026 21:58
cde94744-cf1f-415b-b966-02db75f18302,press.guru,resell,,,high,low,5,"Sav.com, LLC - 15",20/04/2026 15:15,20/04/2027 15:15,07/10/2026 11:24
b049fb80-5cc6-49d8-a72a-091156708dcc,journalist.deals,available,3.5,32.21,high,low,10,dynadot,,,27/09/2026 12:59
53de1751-d4aa-4d2e-90a9-eb5913ee5466,broadcasting.games,premium,200.5,,high,low,12,unstoppable,,,28/09/2026 12:27
e8e46efb-2203-48c1-8e18-cfeba77c7527,newspaper.win,premium,362.45,51.95,high,low,9,spaceship,,,30/09/2026 05:38
5fa71537-14b3-41d4-9724-ac3b54a97b60,journalism.expert,available,7.96,49.88,high,low,10,spaceship,,,30/09/2026 00:56
d4f4d8f5-8eff-4025-b435-b413186fc1e4,press.creditcard,available,144.99,144.99,high,low,5,namesilo,,,07/10/2026 11:24
d9d7f051-d966-423e-9446-a3580108da57,television.miami,premium,5520,21.24,high,low,10,namesilo,,,08/10/2026 21:58
3ec7b610-46fb-45d1-9f55-c06c1ec6d744,journalism.enterprises,available,11,,high,low,10,unstoppable,,,30/09/2026 00:56
34a16d34-f5f4-44d3-a2c1-e6a167f5245e,television.graphics,resell,,,high,low,10,"GoDaddy.com, LLC",12/02/2014 21:02,12/02/2027 21:02,08/10/2026 21:58
e8e2f2b9-9c73-42b0-9054-c57d72f10a42,newspaper.toys,available,17.99,64.99,high,low,9,namesilo,,,30/09/2026 05:38
79aa133f-788f-4196-b70e-e2dd60f84c2b,journalism.mortgage,available,62.99,62.99,high,low,10,namesilo,,,30/09/2026 00:56
58841ef1-6902-444f-88df-26c3dce005fb,press.barcelona,available,25.04,25.04,high,low,5,spaceship,,,07/10/2026 11:24
f8430a67-bc05-4320-87dc-f09f51eedc02,broadcast.pizza,available,5.38,51.95,high,low,9,spaceship,,,07/10/2026 17:00
28893463-70a2-4353-86ad-18d1b78f56ab,newspaper.tickets,available,401.47,401.47,high,low,9,dynadot,,,30/09/2026 05:38
e4df8e58-15ab-40ab-bdfe-3314339ecd9b,television.holiday,available,64.99,64.99,high,low,10,namesilo,,,08/10/2026 21:58
ea10c2db-b3dc-4475-ad1f-a0da491e8d62,television.rich,available,94.99,1999,high,low,10,namesilo,,,08/10/2026 21:58
02666e88-3090-408c-9bc3-b27377a92d1f,journalism.observer,premium,11.8,11.8,high,low,10,namesilo,,,30/09/2026 00:56
54ae6bf5-0e1d-4705-9903-49cd08e2045b,journalist.cars,available,1863.2,2064.2,high,low,10,spaceship,,,27/09/2026 12:59
5f58259e-7ce4-4a2c-b506-638db72be69b,broadcasting.fast,premium,53.92,53.92,medium,low,12,namesilo,,,28/09/2026 12:27
8e3ebe8f-77d7-4460-bc87-9abddc8e676b,broadcasting.faith,premium,546.35,71.48,medium,low,12,porkbun,,,28/09/2026 12:27
e3058f10-26a4-490c-a585-f4aba025b52f,newspaper.luxury,available,26,26,high,low,9,spaceship,,,30/09/2026 05:38
81b2be3f-52d2-4635-b8d4-3ad303a7dce3,radio.onl,premium,160,302.5,high,medium,5,namesilo,,,27/09/2026 09:31
af4b7a1f-9579-4509-aab4-460e926db91c,press.cfd,premium,384,768,high,low,5,namesilo,,,07/10/2026 11:24
7e50c93f-de1b-41e6-a2c0-8448cecec8d9,journalism.fans,premium,51.95,103.7,high,low,10,spaceship,,,30/09/2026 00:56
ad934f07-ce87-4f69-b7e3-a0b178f51feb,broadcasting.theater,available,51.95,51.95,medium,low,12,spaceship,,,28/09/2026 12:27
7c82a552-46f8-42d5-97fb-ec6566be3e63,journalist.fashion,available,25.2,25.2,high,low,10,cloudflare,,,27/09/2026 12:59
0be9297a-ed35-4a3c-82e4-83b5fd1100e1,press.video,premium,2750,2750,high,low,5,dynadot,,,07/10/2026 11:24
33cfee2b-59fa-4094-994e-be15de4e5b87,press.shoes,available,64.99,64.99,high,low,5,namesilo,,,07/10/2026 11:24
2039253e-af63-4640-b5c4-b37ccd5d2b2b,television.cash,available,12,30.2,high,low,10,unstoppable,,,08/10/2026 21:58
6b3c2a09-5e54-44e3-884f-e7d4a1d44473,newspaper.voting,available,1398,1448,high,low,9,namecheap,,,30/09/2026 05:38
5bd933e5-43df-4617-a93d-d87eefb7a4dd,journalist.sexy,available,2749.99,2749.99,high,low,10,namesilo,,,27/09/2026 12:59
bae3d81e-50e9-4479-9941-adc5bdc614f6,broadcasting.legal,available,57.13,57.13,medium,low,12,spaceship,,,28/09/2026 12:27
ae2a58fe-5b65-47b1-a816-1db0f0f72e62,broadcast.codes,available,3.98,103.48,high,low,9,namecheap,,,07/10/2026 17:00
5876ffe5-1337-4cfb-804b-62b1596eabd5,broadcast.kaufen,available,23.94,23.94,high,low,9,spaceship,,,07/10/2026 17:00
36c8a4ff-c96c-44c4-8cad-fb0d9de076b5,press.organic,available,17.99,85.99,high,low,5,namesilo,,,07/10/2026 11:24
e416aa71-a310-4dd2-8b32-bda2ab5a2d7d,journalist.nexus,premium,61.27,61.27,high,low,10,spaceship,,,27/09/2026 12:59
d6917695-ded2-45c5-b621-d1992aff4270,broadcast.tech,premium,3450,3450,high,low,9,namesilo,,,07/10/2026 17:00
a7483c58-cf26-4b87-84c0-cc476f71d28b,broadcast.hot,premium,110,110,high,low,9,dynadot,,,07/10/2026 17:00
2ead2850-dfee-4958-b1ee-ee968762cfad,journalist.health,available,10.92,64.42,high,low,10,dynadot,,,27/09/2026 12:59
3fbfb4e4-92eb-4576-98bb-295674020e93,newspaper.dental,available,78.99,78.99,high,low,9,namesilo,,,30/09/2026 05:38
11945c26-0b4c-4286-812c-9578cc889592,journalist.show,available,14.17,35.39,high,low,10,spaceship,,,27/09/2026 12:59
3ddaeda4-fe72-49df-9fff-9db4a4fc4647,newspaper.giving,available,6.41,22.39,high,low,9,spaceship,,,30/09/2026 05:38
4ae09dd8-d9de-4f52-bed1-9b08d095608e,press.contractors,available,28.15,28.15,high,low,5,spaceship,,,07/10/2026 11:24
0f253cc5-5604-48a4-9e93-65fa6a69ef8c,television.trading,available,16.76,16.76,high,low,10,spaceship,,,08/10/2026 21:58
88e7c2b2-d336-440f-918e-daa147a13112,editor.dealer,premium,4278,2660,high,low,6,namesilo,,,25/09/2026 05:10
2a1bcb79-ee9c-4dfb-86d8-cb7aec5dd145,journalist.accountants,available,117.99,117.99,high,low,10,namesilo,,,27/09/2026 12:59
c6924174-6a07-4ab3-bf3c-9a3916c9ec2d,broadcast.rentals,available,6.41,35.39,high,low,9,spaceship,,,07/10/2026 17:00
43ceb8bc-c43f-4b6e-a0fa-10a2dcfdabcd,journalist.kitchen,available,8.24,53.72,high,low,10,dynadot,,,27/09/2026 12:59
5df39810-7da2-46a8-a1cc-61985d13e22f,journalist.clinic,available,10.55,51.95,high,low,10,spaceship,,,27/09/2026 12:59
83eeda5d-44c9-4177-88e2-88995cba13b0,newspaper.observer,premium,11.8,11.8,high,low,9,namesilo,,,30/09/2026 05:38
eb2a6d42-99ff-4dbd-9954-a54ead211ae8,journalist.moi,available,25.99,25.99,high,low,10,namesilo,,,27/09/2026 12:59
3953be46-1e65-46f3-ad11-95ffafceb582,broadcasting.rodeo,available,10.58,10.58,medium,low,12,spaceship,,,28/09/2026 12:27
8ba1247e-b638-423a-a8d8-7f9d926b6bec,journalism.bike,available,8.24,32.21,high,low,10,dynadot,,,30/09/2026 00:56
0241fa4d-9f19-4efa-800c-ce34ee9f067a,television.casino,available,6.98,213.98,high,low,10,namecheap,,,08/10/2026 21:58
e473451e-e438-4d97-9f0d-39773425661a,content.lol,resell,,,high,medium,7,Dynadot Inc,10/02/2026 08:44,10/02/2027 23:59,08/10/2026 08:19
bb64cf65-190c-4597-86b3-e92f0105f52b,newspaper.services,available,13.5,,high,low,9,unstoppable,,,30/09/2026 05:38
eec40645-fff5-4ec4-bf20-cb78dd773ed5,journalist.pub,available,31.2,31.2,high,low,10,cloudflare,,,27/09/2026 12:59
94af040f-ad99-496b-b7a6-fe60bde70493,radio.store,premium,3450,3450,high,medium,5,namesilo,,,27/09/2026 09:31
b3b5be2b-4342-49ac-8499-67d59c6d50b4,television.fish,premium,78.54,78.54,high,low,10,namesilo,,,08/10/2026 21:58
b74c0cb7-5b27-4563-a8d8-9bc54d9fad10,broadcast.domains,available,59.99,59.99,high,low,9,namesilo,,,07/10/2026 17:00
75116eb3-098c-4e0c-ba72-6a3da3607caf,journalism.tickets,available,393.98,608.98,high,low,10,namecheap,,,30/09/2026 00:56
fc028272-e480-43ab-8ad6-c1e4a4e897fd,broadcasting.republican,available,7.49,28.99,medium,low,12,namesilo,,,28/09/2026 12:27
6919e150-57b2-4f25-ba5d-c9c8567124a3,newspaper.gratis,available,23.99,23.99,high,low,9,namesilo,,,30/09/2026 05:38
83e4c1e7-ccad-4c65-a4f7-c6fa8ec26ea0,broadcasting.condos,available,61.98,72.98,medium,low,12,namecheap,,,28/09/2026 12:27
ef968f18-81b6-4951-a97e-10632f706faf,journalism.porn,available,95.2,95.2,high,low,10,cloudflare,,,30/09/2026 00:56
8ad7a031-0ee8-43e1-873b-7a418959675d,broadcast.bz,available,21.98,26.98,high,low,9,namecheap,,,07/10/2026 17:00
d6723b5e-9c81-4b1d-b6c0-ef8844fe0c04,journalism.haus,available,10.55,27.11,high,low,10,spaceship,,,30/09/2026 00:56
f50c967d-df78-4305-83a0-e54d2b02516d,journalism.accountants,available,93.35,93.35,high,low,10,spaceship,,,30/09/2026 00:56
001a3a78-a6ca-48cb-810a-8275164fbea6,press.tips,available,12.98,47.98,high,low,5,namecheap,,,07/10/2026 11:24
ada34dbf-3f48-4343-94af-03151310411a,editor.camera,available,61.98,72.98,high,low,6,namecheap,,,25/09/2026 05:10
0b7e3cbf-f944-4250-a7c7-0f63bd42faf2,broadcasting.fund,available,55.2,55.2,medium,low,12,cloudflare,,,28/09/2026 12:27
3b616741-bdc2-4e9f-919a-7c91202c1327,broadcasting.lat,available,1.24,26.08,medium,low,12,spaceship,,,28/09/2026 12:27
78b19372-b438-4c8d-9569-84a0520ca620,press.studio,premium,512,512,high,low,5,namesilo,,,07/10/2026 11:24
6999a600-8e0a-44c7-b329-32fa793ada39,journalist.car,available,1999.99,2199,high,low,10,namesilo,,,27/09/2026 12:59
38b8dda3-539e-4c10-86f9-dc8b999afb80,broadcasting.one,available,7.99,24.75,high,low,12,namesilo,,,28/09/2026 12:27
7e108ae3-5c38-4231-8172-6dbb8de4c649,journalist.hair,available,1.99,17.29,high,low,10,namesilo,,,27/09/2026 12:59
dd43d0b7-55f2-44df-8f9a-4e4da4547d3a,journalism.movie,available,46,,high,low,10,unstoppable,,,30/09/2026 00:56
5c8fe297-ed92-4611-ba9f-3147f4afc624,television.christmas,available,30.2,30.2,high,low,10,cloudflare,,,08/10/2026 21:58
082be56c-1159-4746-b1a3-d3b9265fe390,journalist.villas,available,59.99,59.99,high,low,10,namesilo,,,27/09/2026 12:59
0bb66887-7bee-483b-85b4-27786e86d1a5,newspaper.lawyer,premium,414.2,414.2,high,low,9,spaceship,,,30/09/2026 05:38
bbbac2d4-99e2-4f12-857a-1c97b0689c48,television.win,premium,448,53.92,high,low,10,namesilo,,,08/10/2026 21:58
ec334cb4-d39c-45d3-935c-103dbf1eebb5,journalism.car,available,1863.2,2064.2,high,low,10,spaceship,,,30/09/2026 00:56
5cca806d-7fb1-41bc-a4fe-3900913ccabe,journalist.ooo,premium,58.99,23.59,high,low,10,namesilo,,,27/09/2026 12:59
644cdb8e-5868-462b-ba58-93225b500b08,journalism.estate,available,6.41,31.25,high,low,10,spaceship,,,30/09/2026 00:56
2a3d3b0f-8673-447c-b03c-7339afa8dc95,journalist.degree,available,41.6,41.6,high,low,10,spaceship,,,27/09/2026 12:59
38c8a020-2e93-42de-8b21-3ba5922c1722,newspaper.tools,available,18.99,36.49,high,low,9,namesilo,,,30/09/2026 05:38
5a16175e-f982-45d7-b8b8-8782c233b31a,journalism.discount,available,24.01,24.01,high,low,10,spaceship,,,30/09/2026 00:56
740c1633-983e-408e-9211-3e5c573b1b0e,journalism.voting,available,978.6,978.6,high,low,10,dynadot,,,30/09/2026 00:56
07cc185d-941f-46f5-acce-8dec221b10bc,editor.poker,available,10.99,67.99,high,low,6,namesilo,,,25/09/2026 05:10
b81abd8f-4867-4050-b88c-103b0136f1a1,editor.fashion,premium,47.2,47.2,high,low,6,namesilo,,,25/09/2026 05:10
9760b8f2-875a-4964-8464-114097d186d0,television.date,premium,310.7,155.45,high,low,10,spaceship,,,08/10/2026 21:58
15178029-ae6e-4662-9016-3db79521d026,newspaper.enterprises,available,27.2,27.2,high,low,9,cloudflare,,,30/09/2026 05:38
e6bdb6bd-3ce9-47ff-a7d7-595b5ecf62a5,journalist.onl,available,2.99,19.48,high,low,10,dynadot,,,27/09/2026 12:59
a7cf302c-948f-40a3-9037-7149c302d4bc,press.protection,available,2064.2,2064.2,high,low,5,spaceship,,,07/10/2026 11:24
929d534f-fd0b-45fd-85b7-2db8bc8cc6e9,magazine.online,premium,34500,34500,high,low,8,namesilo,,,25/09/2026 04:04
84da953f-2f7f-4b9d-80ab-a71f70c876f6,journalism.vegas,available,15.96,43.39,high,low,10,porkbun,,,30/09/2026 00:56
15dcae95-4497-4384-8560-9fb63408d9aa,newspaper.tours,available,48.2,48.2,high,low,9,cloudflare,,,30/09/2026 05:38
e09e3a23-97c9-4d5c-a353-dded038c418b,magazine.talk,premium,640,640,high,low,8,namesilo,,,25/09/2026 04:04
95c2a7cc-81fd-4a4e-be30-ef8aa35dfd32,editor.boo,premium,648.7,648.7,high,low,6,namecheap,,,25/09/2026 05:10
25f18386-1364-41cf-a669-5f4255a32df6,journalism.vacations,available,38.99,38.99,high,low,10,namesilo,,,30/09/2026 00:56
c4b1a305-e7f9-495c-80fa-e10282f2a763,broadcasting.ltda,available,34.99,34.99,medium,low,12,namesilo,,,28/09/2026 12:27
1e202420-7e0f-4b22-a5cb-2779712978d2,television.dentist,available,51.95,51.95,high,low,10,spaceship,,,08/10/2026 21:58
28b2d1c5-1a52-4086-a6fa-87eace02572f,broadcasting.degree,available,41.6,41.6,medium,low,12,spaceship,,,28/09/2026 12:27
2d7ed7fb-bad5-4c01-88bd-dc1138872578,editor.diamonds,available,54.99,54.99,high,low,6,namesilo,,,25/09/2026 05:10
ad8352c4-dfab-4598-951a-46cd325f42fa,journalism.kitchen,available,50.2,50.2,high,low,10,cloudflare,,,30/09/2026 00:56
2c09207f-31a2-4bfc-8415-a648c7042da9,television.dance,available,9.85,25.9,high,low,10,dynadot,,,08/10/2026 21:58
e8a21d13-ab1b-4dc7-988f-a408244f5813,broadcasting.dad,available,10.81,10.81,medium,low,12,porkbun,,,28/09/2026 12:27
31334f4b-c64e-4a8c-b199-408c8e519bec,newspaper.berlin,available,79.98,89.98,high,low,9,namecheap,,,30/09/2026 05:38
9319b549-2e44-4fd0-b5a5-9dd2e743bd6b,newspaper.tires,available,72.44,72.44,high,low,9,spaceship,,,30/09/2026 05:38
05f062ec-f203-45ae-b420-8fe7c0fa2e16,journalist.dad,available,10.2,10.2,high,low,10,cloudflare,,,27/09/2026 12:59
7fbf821c-15e3-4a7c-a170-896bae062c9b,press.surf,premium,96,29.5,high,low,5,namesilo,,,07/10/2026 11:24
44791fc2-0c43-4aba-80e3-f642bc2e928b,newspaper.live,premium,69.3,138.6,high,low,9,namecheap,,,30/09/2026 05:38
427b240f-a8bf-4df2-86e3-202ac39f897a,newspaper.fun,premium,1000.2,,high,low,9,unstoppable,,,30/09/2026 05:38
1cecbcc8-73e3-4cfc-a711-5fd27752310e,editor.solutions,resell,,,high,low,6,Dynadot Inc,11/08/2026 17:00,11/08/2027 17:00,26/09/2026 05:45
894e2f30-c1a3-4c4e-8875-ab0b69d84731,content.photography,available,6.41,29.18,high,medium,7,spaceship,,,08/10/2026 08:19
7f3771c5-bed4-4a0d-9d01-41946d147bb4,broadcasting.vacations,available,38.99,38.99,medium,low,12,namesilo,,,28/09/2026 12:27
5f34c625-2210-4350-a50b-654f9a50a513,journalist.vision,available,45.99,45.99,high,low,10,namesilo,,,27/09/2026 12:59
f55db43e-105b-4020-91c6-aeb5fd3e4ca2,television.guru,resell,,,high,low,10,Dynadot Inc,19/01/2026 17:00,19/01/2027 17:00,08/10/2026 21:58
257955c5-6054-48f2-9f1e-c619b7954b66,broadcast.christmas,available,1.8,49.98,high,low,9,namecheap,,,07/10/2026 17:00
d74cf936-eb5a-4d97-8355-08a6689ecb49,press.pw,premium,1035,1035,high,low,5,spaceship,,,07/10/2026 11:24
e8d6318b-d7fe-48cb-a335-7c3e263b0585,magazine.gg,resell,,,high,low,8,Dynadot Inc. (https://www.dynadot.com),,,26/09/2026 07:22
4cf9e79b-93a8-411a-8344-d0d6596cd3f8,radio.actor,premium,78.54,78.54,high,medium,5,namesilo,,,27/09/2026 09:31
76f930ba-c546-4397-b349-1fe2d5b789b8,journalism.church,available,6.64,48.37,high,low,10,dynadot,,,30/09/2026 00:56
d3399f29-6443-45ed-90e7-ea7019a47540,journalism.gives,available,21.7,21.7,high,low,10,cloudflare,,,30/09/2026 00:56
9df5aed1-cc50-419d-9116-d3b8bc83ae2e,press.accountants,available,93.35,93.35,high,low,5,spaceship,,,07/10/2026 11:24
9a1fa006-e960-4756-a3dc-6d83842b4557,editor.florist,available,31.98,41.98,high,low,6,namecheap,,,25/09/2026 05:10
905defda-74e4-48ce-b00f-0dc2c2c5b1b2,broadcast.yoga,available,26.97,26.97,high,low,9,dynadot,,,07/10/2026 17:00
2051506e-6f0e-439f-adb4-ff9673f6f7f8,broadcast.immobilien,available,41.48,45.48,high,low,9,namecheap,,,07/10/2026 17:00
16124fd1-9105-4e31-bda9-d3bad5f145f7,journalist.credit,available,9.48,131.98,high,low,10,namecheap,,,27/09/2026 12:59
a6804e92-9e1d-47f5-8ccf-57409f4b3770,television.auto,available,1863.2,2064.2,high,low,10,spaceship,,,08/10/2026 21:58
85f7232f-5872-42ae-8678-2f2db5eb7e27,journalism.restaurant,available,20.99,64.99,high,low,10,namesilo,,,30/09/2026 00:56
449a02c3-d14e-4670-87da-e5ab4294dc78,broadcasting.bio,available,9.99,69.99,medium,low,12,namesilo,,,28/09/2026 12:27
91c2f605-6c23-4321-8155-5dfbfddcf4bf,reporter.mov,premium,167.7,167.7,high,low,8,namecheap,,,25/09/2026 09:33
8d5d6095-7be3-4970-be29-c4f70efe4ef6,journalist.systems,available,18.99,34.99,high,low,10,namesilo,,,27/09/2026 12:59
ccdbfcbc-8ea6-44d2-baa1-e6b1ae100320,television.host,premium,4140,4140,high,low,10,namesilo,,,08/10/2026 21:58
60913589-ba33-4608-9d6a-81c9cbb79798,newspaper.reise,available,75.2,75.2,high,low,9,cloudflare,,,30/09/2026 05:38
dda22184-e76d-4b29-94cd-43a9e4bf4a20,editor.tv,resell,,,high,low,6,1API GmbH,29/06/2010 12:57,29/06/2027 12:57,26/09/2026 05:46
7ceff714-8ba9-4786-b17f-58ce33767fd7,journalism.cricket,available,23.59,23.59,high,low,10,namesilo,,,30/09/2026 00:56
0c2ff593-9b52-40ac-8901-e7ce157ad4df,television.camera,available,58.99,58.99,high,low,10,namesilo,,,08/10/2026 21:58
b0460942-d550-44d5-8459-f6c9bff4619c,broadcasting.shop,premium,2587.7,2587.7,medium,low,12,spaceship,,,28/09/2026 12:27
abe05457-8456-4f7a-b29a-11304b123c43,broadcast.name,available,7.27,7.27,high,low,9,dynadot,,,07/10/2026 17:00
f756714b-e0d3-4f7f-aa2b-925140437c7a,broadcast.holdings,available,60.14,60.14,high,low,9,dynadot,,,07/10/2026 17:00
573913ab-1938-4bdb-9d90-88cb3654fe3d,editor.restaurant,available,20.99,64.99,high,low,6,namesilo,,,25/09/2026 05:10
917ffaa6-a2f5-4788-acda-9d7baf519d60,journalist.cleaning,available,60.23,60.23,high,low,10,spaceship,,,27/09/2026 12:59
253b6d29-8aef-44ff-8fe6-4eb80cab0141,television.blackfriday,available,114.99,114.99,high,low,10,namesilo,,,08/10/2026 21:58
6de7028e-4179-44d3-83c8-833fd7dec1f9,press.restaurant,available,20.99,64.99,high,low,5,namesilo,,,07/10/2026 11:24
f15f91f9-adef-452d-a24a-16fa4973f9bb,television.financial,available,45.2,45.2,high,low,10,cloudflare,,,08/10/2026 21:58
18c3f50b-ec38-4e5b-8ec4-0e825bb163df,magazine.net,resell,,,high,low,8,"GoDaddy.com, LLC",03/11/1997 05:00,02/11/2027 04:00,26/09/2026 07:22
d5581a32-3be2-455d-8e83-d9be67ffef65,journalist.vin,available,6.41,47.81,high,low,10,spaceship,,,27/09/2026 12:59
058b7e69-b59d-46d6-bfdc-fa8745838c7b,television.de,resell,,,high,low,10,,,,08/10/2026 21:58
ec89379c-2054-41d7-be43-f9a004cb3f9a,newspaper.bargains,available,17,,high,low,9,unstoppable,,,30/09/2026 05:38
87d07d44-2a1a-45d7-afac-cbb82d6df107,journalist.guru,available,2.27,34.36,high,low,10,spaceship,,,27/09/2026 12:59
f7c10c61-2b4e-49c6-bc41-195bbd2a938e,television.vip,premium,258.95,15.73,high,low,10,spaceship,,,08/10/2026 21:58
3f6eaff1-8a43-4939-aef0-3184551aec99,editor.meme,premium,845,845,high,low,6,namecheap,,,25/09/2026 05:10
8d6eeadc-7c75-47ad-8b69-e22acf26da00,broadcast.mba,available,17,31.41,high,low,9,unstoppable,,,07/10/2026 17:00
69f58f79-2a43-4b29-99fd-af8b325e3b42,journalist.diamonds,available,42.2,42.2,high,low,10,cloudflare,,,27/09/2026 12:59
209c41f5-04b9-4382-b728-d370b65478a1,journalism.red,available,11.49,23.49,high,low,10,namesilo,,,30/09/2026 00:56
1ff34228-96e1-425f-acef-9841b90b3ce5,journalism.courses,premium,6900,6900,high,low,10,namesilo,,,30/09/2026 00:56
c2ff218f-64fa-42a8-a0ef-501618394140,broadcast.supply,available,25.99,25.99,high,low,9,namesilo,,,07/10/2026 17:00
0b405234-f868-428e-9a9b-f4f005fa37ad,broadcast.talk,premium,66,66,high,low,9,dynadot,,,07/10/2026 17:00
2a60ce98-7a57-44a3-88cf-be78fcb29404,editor.salon,available,57.99,57.99,high,low,6,namesilo,,,25/09/2026 05:10
9709baf7-15de-4bf3-9d08-89a8c38d4b31,press.reise,available,27.89,97.99,high,low,5,namesilo,,,07/10/2026 11:24
0f05cc3e-a3f8-442d-a8df-a3c3db1dbfa0,editor.shop,premium,1107,1107,high,low,6,namesilo,,,25/09/2026 05:10
5cab51a4-0110-47c0-a58c-0986038b58da,broadcasting.irish,available,7.49,22.49,medium,low,12,namesilo,,,28/09/2026 12:27
27a2e1f6-8add-4660-a6bc-52c0d9f69462,digital.online,premium,13800,13800,high,medium,7,namesilo,,,06/10/2026 17:01
ad1aedbe-449c-4668-b08d-e5067afe3de4,television.press,premium,258.95,517.7,high,low,10,spaceship,,,08/10/2026 21:58
1944adfe-6d89-4615-985d-2a0dc918c000,broadcast.cars,available,1999.99,2199,high,low,9,namesilo,,,07/10/2026 17:00
860736dd-20b4-436e-9f24-c719e419e08a,television.luxury,premium,414.2,414.2,high,low,10,spaceship,,,08/10/2026 21:58
9d933315-7fbe-4fb2-ba8e-b8efc658ad26,broadcasting.bid,available,5.25,6.25,medium,low,12,namesilo,,,28/09/2026 12:27
954850a6-6b86-4c14-9394-b4ba058234e3,newspaper.management,available,20.9,20.9,high,low,9,spaceship,,,30/09/2026 05:38
4ef4f3e5-950f-40b6-af3a-f3c69c31a219,journalist.pizza,available,50.2,50.2,high,low,10,cloudflare,,,27/09/2026 12:59
d0f7e017-af6a-4f23-a9e1-eac5d3e0be47,television.berlin,available,54,54,high,low,10,dynadot,,,08/10/2026 21:58
ae2f614e-d64d-4e35-bad8-49998c237405,television.church,resell,11.99,,high,low,10,"Global Domains International, Inc. DBA DomainCostClub.com",25/05/2026 13:07,25/05/2027 13:07,08/10/2026 21:58
9a4c0a3b-fcae-48d7-a0b2-ae210f381dad,broadcasting.limited,available,36.99,36.99,medium,low,12,namesilo,,,28/09/2026 12:27
1a75872e-edfd-42ef-b406-d09c3d24e87d,television.cricket,available,23.59,23.59,high,low,10,namesilo,,,08/10/2026 21:58
f1b6f5df-1005-41bf-bc09-26eaf3d59214,broadcast.market,available,52.48,62.48,high,low,9,namecheap,,,07/10/2026 17:00
f4884a1d-56b2-47e7-a4c5-7bcae00c3f3b,editor.vote,available,23.98,119.98,high,low,6,namecheap,,,25/09/2026 05:10
5b043678-bb1a-496f-9705-a2c65efd072e,journalist.game,available,279.65,341.75,high,low,10,spaceship,,,27/09/2026 12:59
3fe079d9-6a51-4e98-bf3c-47776c25dfea,television.clinic,available,20.99,64.99,high,low,10,namesilo,,,08/10/2026 21:58
68767045-5a8f-46ac-a8c7-3a671177c663,newspaper.cruises,available,44.71,44.71,high,low,9,spaceship,,,30/09/2026 05:38
20d453d5-914b-4850-8998-e3c0941cd2be,broadcast.faith,available,11.99,11.99,high,low,9,namesilo,,,07/10/2026 17:00
312257be-d8a5-4970-9ae2-e5e3d7b43b72,journalism.green,available,62.2,62.2,high,low,10,cloudflare,,,30/09/2026 00:56
87877803-e939-4e13-a4ee-68b598f7c42a,journalism.watch,available,2.79,35.39,high,low,10,spaceship,,,30/09/2026 00:56
66e0e283-cd11-4893-aa7c-276a1b15bee2,journalism.la,available,27.99,27.99,high,low,10,namesilo,,,30/09/2026 00:56
4c3e2373-ed82-442a-af63-4087a19323eb,editor.phd,premium,843.7,843.7,high,low,6,namecheap,,,25/09/2026 05:10
b6e1c5b6-1331-43a1-a482-205e7453f5d7,newspaper.audio,available,107.22,107.22,high,low,9,dynadot,,,30/09/2026 05:38
f7248875-1199-4249-815c-ede133f719aa,television.biz,resell,,,high,low,10,1API GmbH,07/06/2009 17:12,06/06/2027 23:59,08/10/2026 21:58
6fd4a96c-3615-42a5-be88-eefe17e7f321,press.clothing,available,32.99,32.99,high,low,5,namesilo,,,07/10/2026 11:24
92edc38d-4408-4118-931c-27553ff20970,editor.name,available,8.98,9.98,high,low,6,namecheap,,,25/09/2026 05:10
ee412121-d2b8-4dda-86d0-5009731923a9,press.apartments,available,57.99,57.99,high,low,5,namesilo,,,07/10/2026 11:24
55239a63-e2e4-4d4e-a59b-95100f173605,broadcasting.capital,available,7.96,57.13,medium,low,12,spaceship,,,28/09/2026 12:27
eab555b1-22f7-4cf7-b35e-dcce3ada8e22,broadcasting.motorcycles,available,1.8,21.98,high,low,12,namecheap,,,28/09/2026 12:27
c23d7507-e8d9-4dc0-be27-aaecf6f6dc51,press.dog,premium,512,512,high,low,5,namesilo,,,07/10/2026 11:24
95fae6ab-0175-4604-9919-cab622a2b991,television.exchange,available,5.38,31.25,high,low,10,spaceship,,,08/10/2026 21:58
b6fe1c0c-2756-4823-928c-db7ecb33138a,broadcast.health,resell,19.99,,high,low,9,Dynadot Inc,03/07/2026 17:38,03/07/2027 17:38,07/10/2026 17:00
2eefd1d1-592e-4e28-955a-7c217a591eb1,press.date,premium,384,53.92,high,low,5,namesilo,,,07/10/2026 11:24
ce24d9ff-57f0-43c9-a4b9-26a84ff43f97,broadcasting.global,premium,,,medium,low,12,,,,28/09/2026 12:27
cbf362c8-beab-4248-b33b-80764cb30db3,television.shoes,available,64.99,64.99,high,low,10,namesilo,,,08/10/2026 21:58
32927bcf-9480-489c-909a-ca1be93ca984,newspaper.store,premium,687.5,2750,high,low,9,dynadot,,,30/09/2026 05:38
aa2da207-fed3-4b13-aaa6-e79246741b60,newspaper.juegos,available,309.47,309.47,high,low,9,porkbun,,,30/09/2026 05:38
29edae4d-b218-47b1-955f-9c5fa6026226,editor.finance,resell,,,high,low,6,Dynadot Inc,29/05/2025 10:18,29/05/2027 10:18,26/09/2026 05:45
2c9dcaeb-9e78-4f3d-ab5d-f5bc0ce5b4d8,television.ong,available,16.72,16.72,high,low,10,dynadot,,,08/10/2026 21:58
b18291d9-afcd-4f47-afd2-7f1046043723,journalism.storage,available,465.95,500.2,high,low,10,spaceship,,,30/09/2026 00:56
a22a719e-9374-4417-9864-5ec9125e8bd0,journalist.design,available,2.79,46.78,high,low,10,spaceship,,,27/09/2026 12:59
aca37d76-8653-4a15-9acf-3aeae536650e,article.tube,premium,130,26,high,low,7,namecheap,,,20/09/2026 11:12
9330d477-2ece-4988-81db-1a729480aee2,broadcasting.dentist,available,65.99,65.99,medium,low,12,namesilo,,,28/09/2026 12:27
7a46eb5b-0479-4f1c-92d3-90e5dc47656a,broadcasting.navy,available,41.99,41.99,medium,low,12,namesilo,,,28/09/2026 12:27
705bb538-4c67-44ca-a446-9fb03e50ae35,journalist.lighting,available,23.99,23.99,high,low,10,namesilo,,,27/09/2026 12:59
65f32e98-6ccd-4a9c-8bdf-db21f64b246e,newspaper.rip,available,23.49,23.49,high,low,9,namesilo,,,30/09/2026 05:38
3d880fa8-dc1d-43d2-acd6-2f83d5627d28,journalism.me,resell,18271.2,27.99,high,low,10,Dynadot Inc,12/09/2017 01:05,12/09/2027 01:05,30/09/2026 00:56
28cd38a0-cdda-407d-9c9c-7496ddacf227,press.foundation,premium,102.67,102.67,high,low,5,spaceship,,,07/10/2026 11:24
99c025ed-792f-4ad1-a074-f4985de61b3c,broadcasting.cx,available,18.99,18.99,medium,low,12,namesilo,,,28/09/2026 12:27
60d024a8-0791-4fee-841a-5d22aca3baaf,television.viajes,available,94.98,124.48,high,low,10,namecheap,,,08/10/2026 21:58
45f265b6-344b-4588-ba5d-95de5a5e2bb6,broadcast.surf,available,1.24,26.08,high,low,9,spaceship,,,07/10/2026 17:00
d0bff139-9e7b-4a82-8a49-6ee32fb8338e,broadcast.guitars,available,100.2,100.2,high,low,9,cloudflare,,,07/10/2026 17:00
79cfc29e-4448-44d0-ab88-3d24850e0b94,newspaper.rich,available,79,160.72,high,low,9,dynadot,,,30/09/2026 05:38
54f3a28b-2b10-410e-ae6e-d8819e27658c,information.blog,premium,517.7,2070.2,high,low,11,spaceship,,,09/10/2026 04:43
0db384e0-b669-4ab9-9232-7e93a119105a,broadcast.fashion,premium,83,26.08,high,low,9,spaceship,,,07/10/2026 17:00
3d1e3d78-8650-4399-a51e-99ea3af4780a,editor.fitness,available,8.99,41.99,high,low,6,namesilo,,,25/09/2026 05:10
864846d0-3cd3-4e85-999a-3623106f4d76,magazine.mov,premium,167.7,167.7,high,low,8,namecheap,,,25/09/2026 04:04
f9696363-623d-4eed-a56d-f5ec49a31a6f,editor.accountant,premium,448,53.92,high,low,6,namesilo,,,25/09/2026 05:10
edd28f84-32aa-4844-92b4-12f3b7b8582a,journalist.auto,available,1999.99,2199,high,low,10,namesilo,,,27/09/2026 12:59
0d73f75c-ea92-4d31-b979-0b2766754556,broadcasting.glass,available,72.99,72.99,medium,low,12,namesilo,,,28/09/2026 12:27
08f944d7-4eb5-430c-8868-15187dbdc0a2,journalist.tires,available,72.44,72.44,high,low,10,spaceship,,,27/09/2026 12:59
693bc17d-4e82-4f10-be39-fd510e353496,television.land,available,15.99,41.99,high,low,10,namesilo,,,08/10/2026 21:58
e1fe4c1e-5bdd-4660-8063-baa7b04a5237,newspaper.sale,premium,102.67,102.67,high,low,9,spaceship,,,30/09/2026 05:38
d50b9b05-e224-45e4-8b75-2ada3af3686f,journalist.irish,available,7.49,22.49,high,low,10,namesilo,,,27/09/2026 12:59
7037ac8c-46a9-418b-9d9d-877e647db365,broadcasting.salon,available,45.74,45.74,high,low,12,spaceship,,,28/09/2026 12:27
7db7b6fe-3e56-4151-99c6-8c2646dac199,video.so,resell,,,high,medium,5,Dynadot LLC,06/05/2020 17:11,06/05/2026 17:11,
b629ec67-fe78-4501-b556-5ab729f6bd46,newspaper.cool,available,9,44.99,high,low,9,unstoppable,,,30/09/2026 05:38
768f7e16-5e06-45cc-a077-9eb726835eef,broadcast.gift,available,14.99,14.99,high,low,9,namesilo,,,07/10/2026 17:00
5ed3130c-e83f-4c7f-870d-a39c0400f1b5,editor.llc,available,14.99,42.99,high,low,6,namesilo,,,25/09/2026 05:10
e5be4ed0-4c8d-40b6-abaa-7285dfb25c2d,radio.fashion,resell,32.49,32.49,high,medium,5,namesilo,,,27/09/2026 09:31
10032b5e-9f56-4fcc-a526-b14b9d5cf797,communication.blog,premium,517.7,2070.2,high,low,13,spaceship,,,07/10/2026 11:55
e3661327-ee54-4954-9518-3f3d5e20fdc7,broadcasting.haus,available,14.99,33.99,medium,low,12,namesilo,,,28/09/2026 12:27
34c4ba69-dcca-4920-9af3-44f9f7dc2e29,press.football,available,25.99,25.99,high,low,5,namesilo,,,07/10/2026 11:24
55f464a6-74bf-4c45-aae9-c9a8a6e3185e,broadcasting.domains,available,44.98,53.98,medium,low,12,namecheap,,,28/09/2026 12:27
2154d0e7-a602-4970-9e1d-8903a25c7507,reporter.channel,premium,76.7,76.7,high,low,8,namecheap,,,25/09/2026 09:33
4efd9dfa-ae65-4d8f-b420-8da6f51ef02f,television.condos,available,45.2,45.2,high,low,10,cloudflare,,,08/10/2026 21:58
ee226f16-0b09-4153-83e2-2e862d796ddf,press.space,premium,,,high,low,5,,,,07/10/2026 11:24
b7e5f2e7-ead9-4fd4-8218-95d2fc8d7895,broadcast.camera,available,58.99,58.99,high,low,9,namesilo,,,07/10/2026 17:00
ec39630e-9dab-4919-b3f8-79e046670558,editor.rentals,available,10.99,44.49,high,low,6,namesilo,,,25/09/2026 05:10
75155d33-e81f-46ae-80dc-3d5034743c91,radio.diy,premium,640,640,high,medium,5,namesilo,,,27/09/2026 09:31
5539daff-0b2f-40ff-859c-cc3ce361d6ce,journalist.srl,premium,54.28,30.68,high,low,10,namesilo,,,27/09/2026 12:59
fa1e2b8e-8327-4757-9538-a34d5202fc42,television.boats,available,1.24,13.97,high,low,10,spaceship,,,08/10/2026 21:58
ab384676-e8e1-4897-bd9a-7f9fe34a0b1e,broadcasting.trade,available,5.25,6.25,medium,low,12,namesilo,,,28/09/2026 12:27
807538eb-b0b7-475e-b5ee-5d71f4aef4ed,broadcast.shiksha,available,14.99,51.99,high,low,9,namesilo,,,07/10/2026 17:00
907e4aa4-642a-4def-814f-966f19b5ee17,newspaper.limited,available,37.98,39.98,high,low,9,namecheap,,,30/09/2026 05:38
7c462994-5988-46d2-87a8-be8e98d1a90e,broadcasting.lgbt,available,10.55,64.37,medium,low,12,spaceship,,,28/09/2026 12:27
dbaf4f73-2d39-491e-8415-b3b88567c00e,newspaper.auction,available,29.18,29.18,high,low,9,spaceship,,,30/09/2026 05:38
4efdb8c7-ec48-4f8c-843b-4952591271b1,editor.mobile,premium,780,780,high,low,6,namecheap,,,25/09/2026 05:10
3b613807-5ef1-4eb9-a06c-273df40b630d,press.live,premium,3450,3450,high,low,5,namesilo,,,07/10/2026 11:24
c165436b-83c6-462c-bc43-77658620ce2a,newspaper.works,available,7.5,,high,low,9,unstoppable,,,30/09/2026 05:38
a423a508-8df2-4026-8007-4cdeb4b7b2b9,broadcasting.dealer,premium,1604.45,2070.2,high,low,12,spaceship,,,28/09/2026 12:27
5d9412c1-8487-4530-a585-38011f46868b,broadcasting.rsvp,available,10.2,10.2,high,low,12,cloudflare,,,28/09/2026 12:27
994898f9-a3cd-41e3-95de-f0e5d49f9a20,broadcast.company,resell,,,high,low,9,Dynadot Inc,20/08/2020 09:44,20/08/2027 09:44,07/10/2026 17:00
4761d617-0b40-42a2-9e28-f8ec98b908b7,reporter.observer,premium,23.6,23.6,high,low,8,namesilo,,,25/09/2026 09:33
e29073e4-d82c-4cb3-957a-1abd72b7e81f,broadcasting.construction,available,38.99,38.99,medium,low,12,namesilo,,,28/09/2026 12:27
7fca3cb2-058b-46de-9dc2-e29e1e674ecf,television.reisen,available,16.76,16.76,high,low,10,spaceship,,,08/10/2026 21:58
d4c3fefe-9074-4445-8b8c-e748b2edcbc8,broadcasting.auto,available,1999.99,2199,high,low,12,namesilo,,,28/09/2026 12:27
31c38e8a-6b4c-485f-8107-bcafb8711aa0,newspaper.taxi,available,10.99,62.99,high,low,9,namesilo,,,30/09/2026 05:38
55c93405-575d-4703-83e7-faaf86c162da,journalism.productions,available,5.89,32.29,high,low,10,spaceship,,,30/09/2026 00:56
7746fd1b-c2f9-4058-8ef7-6bb7dcb27d81,journalism.rent,available,17.99,59.99,high,low,10,namesilo,,,30/09/2026 00:56
8bf77dc0-58a9-45d3-beb8-da54b8b8d332,television.creditcard,available,129.2,129.2,high,low,10,spaceship,,,08/10/2026 21:58
dd2d92f0-2dda-425b-93b7-c3b89ee1b82a,journalist.tickets,available,326.21,388.33,high,low,10,spaceship,,,27/09/2026 12:59
4c335da7-c096-4066-a59c-f047dae7dfb8,broadcast.clothing,available,32.99,32.99,high,low,9,namesilo,,,07/10/2026 17:00
068c448b-698b-4cf3-8999-3bd4c91bb72d,television.storage,available,465.95,500.2,high,low,10,spaceship,,,08/10/2026 21:58
db19ea5b-73ec-48f1-8933-34b0ef3b5755,newspaper.sexy,available,2587.7,2587.7,high,low,9,spaceship,,,30/09/2026 05:38
92967f76-73fb-4ae2-9c7d-370cccf452a9,journalist.dentist,available,51.95,51.95,high,low,10,spaceship,,,27/09/2026 12:59
f212ae42-fbc7-434d-83c3-88eda96cd7bf,press.icu,premium,310.7,621.2,high,low,5,spaceship,,,07/10/2026 11:24
a07b2ba4-7837-48d8-acf1-03635f364d28,editor.food,premium,1107,1107,high,low,6,namesilo,,,25/09/2026 05:10
2e8970b0-905a-430f-be3a-c14aa73978ae,press.storage,available,509.99,529.99,high,low,5,namesilo,,,07/10/2026 11:24
7eb677e2-0860-4c0a-8024-d5f3b113cde8,journalist.vacations,available,5.57,32.21,high,low,10,dynadot,,,27/09/2026 12:59
b5bbfdb7-3c73-49ef-b327-785f9c53668c,magazine.social,resell,,,high,low,8,"DNSPod, Inc.",14/05/2023 15:15,14/05/2027 15:15,26/09/2026 07:22
da68a4cd-9fa4-4538-a694-3722d2ffaa51,broadcasting.voto,available,26.5,,medium,low,12,unstoppable,,,28/09/2026 12:27
ed242aea-39c6-4b49-9c15-496041046b4d,journalist.futbol,available,7.49,17.99,high,low,10,namesilo,,,27/09/2026 12:59
30382f26-a666-49c8-bbbe-0419b334e71a,broadcast.capital,available,7.96,57.13,high,low,9,spaceship,,,07/10/2026 17:00
5fddc9fd-f18d-4f02-9377-12e3dda4780d,journalist.movie,available,270.2,270.2,high,low,10,cloudflare,,,27/09/2026 12:59
97c1be93-d54c-496c-864a-a70010ecd541,editor.yachts,available,1.99,17.29,high,low,6,namesilo,,,25/09/2026 05:10
3ddb2c2a-cf24-40cc-9536-71e3ab3953d2,press.shopping,available,23.18,23.18,high,low,5,spaceship,,,07/10/2026 11:24
70a06cf6-4d9a-45d3-a5e4-c15f4f8d1101,broadcast.voting,available,978.6,978.6,high,low,9,dynadot,,,07/10/2026 17:00
9fbed376-01e3-4194-8d20-c077f8ff772b,journalist.reise,available,27.89,97.99,high,low,10,namesilo,,,27/09/2026 12:59
172d22a0-6793-4368-8a02-1b5683248ad5,broadcast.id,resell,,,high,low,9,PT Digital Registra Indonesia,10/09/2022 00:30,10/09/2027 23:59,07/10/2026 17:00
83c1f673-1695-4a6e-88af-b8abbc7b2110,radio.health,resell,,,high,medium,5,"Spaceship, Inc.",22/12/2025 00:16,22/12/2026 00:16,27/09/2026 09:31
16a74f44-91e8-46c8-bbc8-2272e2350aca,broadcast.catering,available,35.53,35.53,high,low,9,dynadot,,,07/10/2026 17:00
633477b6-5735-4e74-b310-b189e7b0d3f1,newspaper.broker,available,10.55,29.18,high,low,9,spaceship,,,30/09/2026 05:38
b9e91524-d7f5-4681-9760-b1fa13ca1bd0,television.clothing,available,32.99,32.99,high,low,10,namesilo,,,08/10/2026 21:58
4f55188c-0b4e-48c1-9a30-62fe99255923,television.associates,available,11.59,31.25,high,low,10,spaceship,,,08/10/2026 21:58
f8818b9b-d0e4-4076-94bb-84acdec9bd35,broadcast.limo,available,54.99,54.99,high,low,9,namesilo,,,07/10/2026 17:00
7a0b2dcb-b3c2-4186-8969-53b980b7850a,press.futbol,premium,880,880,high,low,5,dynadot,,,07/10/2026 11:24
6c48cf6a-befb-47b7-9443-2085898befd1,broadcasting.land,available,15,,medium,low,12,unstoppable,,,28/09/2026 12:27
74924455-571e-4219-8345-994bd6d90041,newspaper.cheap,available,8.99,36.49,high,low,9,namesilo,,,30/09/2026 05:38
1bc7a4e3-05d0-405b-af63-7b4ff00a81d9,editor.bike,available,12.99,38.99,high,low,6,namesilo,,,25/09/2026 05:10
25a683e4-3556-463c-be84-f2e1525c5ab4,press.motorcycles,available,1.24,13.97,high,low,5,spaceship,,,07/10/2026 11:24
3de8ceef-c043-4e46-a500-5c5ff2294c8b,broadcast.claims,available,10.92,59.58,high,low,9,dynadot,,,07/10/2026 17:00
af8ea577-1de5-4963-b04d-3c4c1f83af0b,broadcasting.cricket,available,20.88,20.88,medium,low,12,spaceship,,,28/09/2026 12:27
86121498-ebbe-4c1f-9149-e2132a2300b6,article.monster,available,1.99,17.29,high,low,7,namesilo,,,20/09/2026 11:12
1181d02a-23ba-4e29-90fa-dda5a6125ff5,press.industries,premium,78.54,78.54,high,low,5,namesilo,,,07/10/2026 11:24
48d13ff5-e347-4fb7-8968-71612ea4e6f0,press.army,premium,854,854,high,low,5,namesilo,,,07/10/2026 11:24
bd52223e-8a24-41be-9dd0-434ffb3ad3dd,content.graphics,premium,118.8,118.8,high,medium,7,namesilo,,,08/10/2026 08:19
edd19865-7356-4692-8e2d-d50877752963,press.supplies,available,22.69,22.69,high,low,5,dynadot,,,07/10/2026 11:24
98737aed-16c3-4f8a-b7a7-03c1ca52e66d,editor.forum,premium,116,116,high,low,6,namesilo,,,25/09/2026 05:10
f25a14a9-d2a8-40c7-b74a-0cdd5cf01193,medium.mov,premium,516.67,516.67,high,low,6,spaceship,,,06/10/2026 14:50
768cb2cb-1c97-451a-9308-982d3cad4493,journalism.coach,available,17.99,77.99,high,low,10,namesilo,,,30/09/2026 00:56